restaurant_name,address,zip_code,restaurant_style,rating_count,avg_rating,price_range,image
The Humble Hog,125 S Market St,60957,Barbeque Beer Bar ,0,0,2,https://s3-media4.fl.yelpcdn.com/bphoto/sCONxMg5IDy4aviCs7_d0w/o.jpg
Broadway Food Hall,401 N Broadway Ave,61801,Food Court ,0,0,2,https://s3-media3.fl.yelpcdn.com/bphoto/QKpPr2bshNs1lY5GJy5Uig/o.jpg
Sticky Rice,415 N Neil St,61820,Laotian Thai Noodles ,0,0,1,https://s3-media2.fl.yelpcdn.com/bphoto/esoJhsANawKVTFfV-5iJGQ/o.jpg
The Wheelhouse,109 N Main St,61873,American (New) Breakfast & Brunch Cocktail Bars ,0,0,2,https://s3-media3.fl.yelpcdn.com/bphoto/CfbESTKe0FO6u5bq6See9w/o.jpg
Maize Mexican Grill,60 E Green Street,61820,Mexican ,0,0,1,https://s3-media2.fl.yelpcdn.com/bphoto/odzcRje-W-CGqyV8NbLYkg/o.jpg
Huaraches Moroleon,805 Philo Rd,61801,Mexican ,0,0,1,https://s3-media1.fl.yelpcdn.com/bphoto/1WFwREfQwOG1QV2mzH3Bdg/o.jpg
Caribbean Grill Restaurant,2135 S Neil St,61820,Caribbean Desserts ,0,0,1,https://s3-media1.fl.yelpcdn.com/bphoto/GNtYJ0qtgEAV-_U9gf9spQ/o.jpg
The Brown Bag Deli Restaurant,212 W Washington St,61856,American (Traditional) Delis ,0,0,1,https://s3-media2.fl.yelpcdn.com/bphoto/fW29_GSMFNlVImRp_XJSqw/o.jpg
Everyday Kitchen Restaurant & Bar,1807 S Neil St,61820,American (Traditional) Cocktail Bars ,0,0,2,https://s3-media3.fl.yelpcdn.com/bphoto/M-1GfWaQ3f6z2BlAgnrZUg/o.jpg
Mr. Crab,401 South 1st St,61820,Seafood Cajun/Creole ,0,0,0,https://s3-media4.fl.yelpcdn.com/bphoto/iRinMEiVB0vdZQLpKYij3A/o.jpg
Bearology,608 E University Ave,61820,Bubble Tea ,0,0,0,https://s3-media4.fl.yelpcdn.com/bphoto/HGSV-UJOg-eL-hdHT_cudg/o.jpg
Pink Pig BBQ,2698 County Road 1600 N,61859,Barbeque ,0,0,2,https://s3-media2.fl.yelpcdn.com/bphoto/MqwyPc_0fHwxH2o4NDTYpA/o.jpg
Mas Amigos,705 N Neil St,61820,Mexican ,0,0,0,https://s3-media2.fl.yelpcdn.com/bphoto/fu9ecgV1RaqVEMXjPUg5xQ/o.jpg
Black Dog Smoke & Ale House,201 N Broadway Ave,61801,Barbeque American (Traditional) ,0,0,2,https://s3-media1.fl.yelpcdn.com/bphoto/lJOnFchw-mzW6H5IdKh8Zg/o.jpg
Butcher Boy Burgers,422 S Garrard St,61866,Burgers ,0,0,1,https://s3-media3.fl.yelpcdn.com/bphoto/lzQfn3RXvk7qg2wYZfyL0w/o.jpg
Casa Fiesta,215 E Sangamon Ave,61866,Mexican ,0,0,0,https://s3-media1.fl.yelpcdn.com/bphoto/c_5MykW9rv48lC20107nFQ/o.jpg
Harvest Ale House,102 S Market St,60957,American (New) Bars ,0,0,2,https://s3-media1.fl.yelpcdn.com/bphoto/v7lqevex5w9yihnDlHGVNw/o.jpg
Meat Science Laboratory,1503 South Maryland Ave,61801,Meat Shops ,0,0,2,https://s3-media2.fl.yelpcdn.com/bphoto/khwh5fzMB9dubfP89xUglA/o.jpg
Sakanaya,403 E Green St,61820,Japanese Sushi Bars ,0,0,2,https://s3-media2.fl.yelpcdn.com/bphoto/cHogr6eHY3Jd8lgM27j_uA/o.jpg
Ott's Drive In,400 N Century Blvd,61866,American (Traditional) ,0,0,1,https://s3-media1.fl.yelpcdn.com/bphoto/qJ1lKhvGgyb6nnzAF8eA6A/o.jpg
Golden Harbor Authentic Chinese Cuisine,505 S Neil St,61820,Chinese Taiwanese ,0,0,2,https://s3-media3.fl.yelpcdn.com/bphoto/wpb6dG94-ECAdzF2z1OYkA/o.jpg
Tks Cheesesteak,112 E Congress Ave,61866,Cheesesteaks Chicken Wings Food Trucks ,0,0,1,https://s3-media2.fl.yelpcdn.com/bphoto/ootHRtrWF2u1fQp7swp5tw/o.jpg
Agave,405 S Century Blvd,61866,Mexican ,0,0,1,https://s3-media2.fl.yelpcdn.com/bphoto/tTyNxxOwVsiUYQgdzqsBsQ/o.jpg
Industrial Donut,501 Commerce Dr,61874,Donuts Coffee & Tea ,0,0,0,https://s3-media2.fl.yelpcdn.com/bphoto/HA5_hC_h3XnwNiGlxU-MhQ/o.jpg
DESTIHL Restaurant & Brew Works,301 N Neil St,61820,American (New) Brewpubs ,0,0,2,https://s3-media4.fl.yelpcdn.com/bphoto/itAKUSMr9tD13qhtAJI6GQ/o.jpg
Jipbap Taste of Korea,601 S 6th St,61820,Korean ,0,0,1,https://s3-media1.fl.yelpcdn.com/bphoto/FsV99DzMt_nhiCGXbVvL_g/o.jpg
The Pantry,1199 Tuscola Blvd,61953,Sandwiches ,0,0,2,https://s3-media4.fl.yelpcdn.com/bphoto/8Ur92f6CA1SANFvRubdY_Q/o.jpg
Fernando's Food,44 E Sprinfield,61820,Food Trucks Mexican ,0,0,1,https://s3-media3.fl.yelpcdn.com/bphoto/s6neDI4X_Pnn5ZSohVWWNA/o.jpg
Cracked the Egg Came First,619 E Green St,61820,Coffee & Tea Breakfast & Brunch Food Trucks ,0,0,1,https://s3-media4.fl.yelpcdn.com/bphoto/lUz5NPQS7KWpIgZV-gjkXQ/o.jpg
San Maru,2504 Village Green Pl,61822,Korean ,0,0,2,https://s3-media2.fl.yelpcdn.com/bphoto/wAWgEcC5jxNGzQ1Nbvfd-g/o.jpg
Wood N' Hog Barbecue,904 N 4th Street,61820,Barbeque Chicken Wings ,0,0,2,https://s3-media2.fl.yelpcdn.com/bphoto/kzGA1OUO0FxMBz9BQChddg/o.jpg
Cravings,603 S Wright St,61820,Chinese Pan Asian ,0,0,1,https://s3-media3.fl.yelpcdn.com/bphoto/chY5KM74iiXjZwSWxbYQAQ/o.jpg
Billy Bob's,105 E Broadway St,61859,American (Traditional) Bars ,0,0,2,https://s3-media4.fl.yelpcdn.com/bphoto/d85g7mAYDg85IMafTN-knQ/o.jpg
Monarch Brewing,212 South Independence St,61856,Brewpubs Venues & Event Spaces ,0,0,2,https://s3-media1.fl.yelpcdn.com/bphoto/OCaJi6uuRe0hE93g4a_J0w/o.jpg
Taste Of Thai,124 E Sangamon Ave,61866,Thai Asian Fusion Vietnamese ,0,0,1,https://s3-media4.fl.yelpcdn.com/bphoto/KoQ7Csj2dBP7uMl_9pT3GQ/o.jpg
Charlie's Grub & Suds,106 West 1st St,61849,Barbeque American (Traditional) Italian ,0,0,1,https://s3-media1.fl.yelpcdn.com/bphoto/-9AVKtxGV9OHb4Won8x7bQ/o.jpg
Basil Thai Kitchen,2000 N Neil St,61820,Thai ,0,0,0,https://s3-media2.fl.yelpcdn.com/bphoto/U-y3qXMqzvEstL5OoA1LzQ/o.jpg
Thara Thai,912 1/2 W Bloomington Rd,61821,Thai Salad Noodles ,0,0,2,https://s3-media4.fl.yelpcdn.com/bphoto/Il_L5s_aVZ7ScDl7uuuNeg/o.jpg
NAYA,212 E Green St,61820,Italian Asian Fusion ,0,0,0,https://s3-media2.fl.yelpcdn.com/bphoto/QqfKaIX_yX4oc_aVPDPvqg/o.jpg
Punch!,217 N Neil St,61820,Bars American (Traditional) ,0,0,0,https://s3-media4.fl.yelpcdn.com/bphoto/wY3nXJgrgGzjiY_9yxmvng/o.jpg
Scratch,227 E Lincoln St,61873,American (Traditional) Seafood Sandwiches ,0,0,0,https://s3-media3.fl.yelpcdn.com/bphoto/5B3zAnXFzaUBkdeKfOHx0A/o.jpg
Dumpling Noodle BBQ,715 S Neil St,61820,Noodles Barbeque Chinese ,0,0,0,https://s3-media1.fl.yelpcdn.com/bphoto/FwnFJ27_FP0_Zg610WMv9Q/o.jpg
Black Dog Smoke & Ale House,320 N Chestnut St,61820,Barbeque Bars ,0,0,2,https://s3-media3.fl.yelpcdn.com/bphoto/4b5reQvrRdyEmF8eWLfQXQ/o.jpg
Seven Saints,32 E Chester St,61820,American (Traditional) Pubs Lounges ,0,0,2,https://s3-media1.fl.yelpcdn.com/bphoto/OQkuCXRZaKHs_mM8lh3GWA/o.jpg
Mid-Summer Lounge,623 E Green St,61820,Chinese Asian Fusion Noodles ,0,0,1,https://s3-media2.fl.yelpcdn.com/bphoto/zTOFyEFlmUK9wleJboCRkA/o.jpg
3 Ravens Food & Spirits,108 S Charter Rd,61856,American (New) Bars ,0,0,2,https://s3-media1.fl.yelpcdn.com/bphoto/gMK6w70I8mQaarpp7mvUaA/o.jpg
Masijta Grill,202 N Race,61801,Korean ,0,0,2,https://s3-media2.fl.yelpcdn.com/bphoto/CGFwfltBLLvYfdl-wK3S4A/o.jpg
Ba'get Sandwich Shop,1713 W Kirby Ave,61821,Vietnamese Sandwiches ,0,0,0,https://s3-media1.fl.yelpcdn.com/bphoto/uly7TQev1-_f86RH3my1oQ/o.jpg
Courier Cafe,111 N Race St,61801,Breakfast & Brunch Cafes Burgers ,0,0,1,https://s3-media3.fl.yelpcdn.com/bphoto/n3MEYq0UV5fzNZ8yLzzqtQ/o.jpg
Niro's Gyros,401 W Kirby Ave,61820,Greek ,0,0,0,
Baldarotta's Porketta & Sicilian Sausage,300 S Broadway Ave,61801,Sandwiches Pizza ,0,0,0,https://s3-media3.fl.yelpcdn.com/bphoto/BEv0Gd8xJ8j0isngvnhWFA/o.jpg
ET's Downtown,107 E Sangamon Ave,61866,Barbeque Burgers Beer Bar ,0,0,0,https://s3-media3.fl.yelpcdn.com/bphoto/gHf7p62r294upRKrj8glLA/o.jpg
CoreLife Eatery,2512 N Prospect Ave,61822,Salad Mediterranean Poke ,0,0,1,https://s3-media3.fl.yelpcdn.com/bphoto/wSwTd2fb4R-sDvabeigsEQ/o.jpg
Bangkok Thai and Pho 911,410 E Green St,61820,Thai ,0,0,1,https://s3-media4.fl.yelpcdn.com/bphoto/2o0Y7b2EjVNPfU3no3L2Hw/o.jpg
Shiquan,212 E Green St,61820,Szechuan ,0,0,0,https://s3-media2.fl.yelpcdn.com/bphoto/LNaNxMMddyChZfdzeESFeQ/o.jpg
Caribbean Grill Food Truck,,61801,Caribbean Food Trucks Desserts ,0,0,1,https://s3-media3.fl.yelpcdn.com/bphoto/M-MTiVn3eCVgCoSEO__qHw/o.jpg
The Red Herring Vegetarian Restaurant,1209 W Oregon St,61801,Vegetarian Cafes Vegan ,0,0,1,https://s3-media2.fl.yelpcdn.com/bphoto/Ah-3T8MAMK3Jcmf3hqn3rg/o.jpg
The Apple Dumplin',2014 High Cross Rd,61802,American (Traditional) ,0,0,1,https://s3-media4.fl.yelpcdn.com/bphoto/30FknCfWz2pCtbP2ERJmmw/o.jpg
Signature Grill,505 E Green St,61820,Mediterranean Indian Mexican ,0,0,1,https://s3-media3.fl.yelpcdn.com/bphoto/nzjNvxoAjz7gW3J6hGjbkA/o.jpg
Breaking Taco,608 E Main St,61853,Mexican ,0,0,1,https://s3-media4.fl.yelpcdn.com/bphoto/KC1NdWYTxbMEcSg_ENtXog/o.jpg
Golden Kitchen,402 W Center St,61856,Chinese ,0,0,0,https://s3-media2.fl.yelpcdn.com/bphoto/pWfJWM2HkN5Fn6KdNBgZ5Q/o.jpg
El Rancho Grande,17 S Main St,61956,Mexican ,0,0,0,
J Gumbo's,700 S Gregory St,61801,Cajun/Creole ,0,0,1,https://s3-media3.fl.yelpcdn.com/bphoto/eCfRm1zxDxnUKKDmkSRR7Q/o.jpg
Stango Cuisine,140 Lincoln Square,61801,African Caribbean American (New) ,0,0,1,https://s3-media3.fl.yelpcdn.com/bphoto/YSXpR7wd0gx_9IJUPpCr6w/o.jpg
Watson's Shack & Rail,211 N Neil St,61820,Bars American (Traditional) ,0,0,2,https://s3-media1.fl.yelpcdn.com/bphoto/-uI51DjqjNFTzSi86wUQQw/o.jpg
Portillo's Hot Dogs,2306 N Prospect Ave,61822,Hot Dogs Burgers Salad ,0,0,1,https://s3-media3.fl.yelpcdn.com/bphoto/slAFA_u4kepwvGPd9GXRow/o.jpg
Xinh Xinh Cafe,114 N Vine St,61802,Vietnamese ,0,0,1,https://s3-media2.fl.yelpcdn.com/bphoto/29ir72vsI94XbFhcuM5GoQ/o.jpg
Meatheads,1305 S Neil St,61820,Burgers ,0,0,2,https://s3-media3.fl.yelpcdn.com/bphoto/KfUeGgRvjTBsQVLPFqeozg/o.jpg
Mitsu&Tsaōcaa,608 S 6th St,61820,Hot Pot Bubble Tea ,0,0,0,https://s3-media2.fl.yelpcdn.com/bphoto/S80J5vfLHthbcHETmY9gIg/o.jpg
The Four Way Stop,102 E Harrison St,61956,Restaurants ,0,0,0,https://s3-media2.fl.yelpcdn.com/bphoto/AHYArQn55saceFEDncio7w/o.jpg
I Wok,113 Calvin St,61874,Chinese ,0,0,1,https://s3-media2.fl.yelpcdn.com/bphoto/6UqEGVOk5c1iKDgJh7kCEQ/o.jpg
Li'l Porgy's Bar-B-Que,1917 W Springfield Ave,61821,Barbeque ,0,0,1,https://s3-media2.fl.yelpcdn.com/bphoto/MQGzY79mfO46gLzHZ_r-eA/o.jpg
Peking House Restaurant,806 Eastwood Dr,61853,Chinese Korean Thai ,0,0,1,https://s3-media1.fl.yelpcdn.com/bphoto/Z8ZJaKOiDtaLfpSWW_4LRA/o.jpg
Project 47 Smokehouse,101 N Lombard St,61853,Bars Barbeque ,0,0,2,https://s3-media2.fl.yelpcdn.com/bphoto/cPKK2z5FuUTI6Dnb9a3NzA/o.jpg
Pekara,811 W Springfield Ave,61820,Coffee & Tea Bakeries Sandwiches ,0,0,0,https://s3-media2.fl.yelpcdn.com/bphoto/jP7G4SV0oKF7l_55XLA2mw/o.jpg
Dragon Fire Pizza,,61820,Food Trucks Pizza ,0,0,1,https://s3-media3.fl.yelpcdn.com/bphoto/G7TrGejGYO1auYcRfx5XOA/o.jpg
Pho Cafe,611 E Green St,61820,Vietnamese Thai ,0,0,1,https://s3-media2.fl.yelpcdn.com/bphoto/5oUpcWbFGby6vDrgrN0YBw/o.jpg
Pueblo Lindo,124 W State St,60957,Mexican ,0,0,2,https://s3-media1.fl.yelpcdn.com/bphoto/TEKtXyHo5Zl5UvTF41UEWQ/o.jpg
Main Street Belly Deli,118 S Main St,61849,American (Traditional) Coffee & Tea Breweries ,0,0,1,https://s3-media2.fl.yelpcdn.com/bphoto/exnPt6HDOpjx3uEu0D2xmw/o.jpg
Nando Milano Trattoria,204 N Neil St,61820,Italian ,0,0,3,https://s3-media3.fl.yelpcdn.com/bphoto/YZeqt-SBX6fBuJ-Xg0vXBg/o.jpg
Rick's Bakery,124 W Main St,61801,Bakeries ,0,0,2,https://s3-media3.fl.yelpcdn.com/bphoto/_7GnFBjiRcKMgstwenqOkA/o.jpg
Los Zarapes,840 Eastwood Dr,61853,Mexican ,0,0,1,https://s3-media2.fl.yelpcdn.com/bphoto/qUWyJolejVPRC7VN8r2oIw/o.jpg
Cactus Grill,1405 S Neil St,61820,Tex-Mex Mexican ,0,0,1,https://s3-media1.fl.yelpcdn.com/bphoto/kKdQ49-93hgaosWzGYSmmQ/o.jpg
Sunny China Buffet,1703 Philo Rd,61802,Chinese Buffets ,0,0,1,https://s3-media2.fl.yelpcdn.com/bphoto/y0QIi6f2OMTW-UgLGHfaDA/o.jpg
Ozu Ramen,601 S 6th St,61820,Ramen Asian Fusion ,0,0,2,https://s3-media1.fl.yelpcdn.com/bphoto/SzRWgvK1WHH_HE0jXiGVpA/o.jpg
Old Time Meat & Deli Shoppe,2018 S Neil St,61820,Meat Shops Delis ,0,0,2,https://s3-media3.fl.yelpcdn.com/bphoto/qRT2S0lAclFBDwxLpzrDRg/o.jpg
FieldHouse 219,219 West Washington St,61856,Sports Bars American (Traditional) ,0,0,1,https://s3-media1.fl.yelpcdn.com/bphoto/WqLM1ba1WVWmkc_vLLI36A/o.jpg
First Wok,1805 Philo Rd,61802,Chinese ,0,0,1,https://s3-media3.fl.yelpcdn.com/bphoto/7x56-AO9G_TQggVAh3337Q/o.jpg
Flesor's Candy Kitchen,101 W Sale St,61953,Candy Stores Breakfast & Brunch Ice Cream & Frozen Yogurt ,0,0,1,https://s3-media1.fl.yelpcdn.com/bphoto/PDAsMqRTx8wXbDTtzo-_zA/o.jpg
Tom's Bowl,112 S Macon St,61813,Diners American (Traditional) ,0,0,0,https://s3-media1.fl.yelpcdn.com/bphoto/RZq_ZMOgX38GCsfE6Mgxwg/o.jpg
El Oasis,510 N Cunningham Ave,61802,Ice Cream & Frozen Yogurt Mexican ,0,0,1,https://s3-media1.fl.yelpcdn.com/bphoto/P_4y9YbxU_Rj04AJePl-7w/o.jpg
Bevier Cafe,905 S Goodwin Ave,61801,American (New) Cafes ,0,0,1,https://s3-media4.fl.yelpcdn.com/bphoto/6oZ-gpsvSmNGszcvVc-3Qw/o.jpg
Kohinoor Indian Restaurant and Lounge,6 E Columbia Ave,61820,Indian Bars ,0,0,1,https://s3-media4.fl.yelpcdn.com/bphoto/dKSNvmx0DobnMsqznuP0zA/o.jpg
Filippo's Pizza & Italian Food,200 S Market St,61856,Italian Pizza ,0,0,2,https://s3-media1.fl.yelpcdn.com/bphoto/2DG-S67T6VSOiIqkWFSQ0A/o.jpg
La Mixteca Restaurant,510 N Cunningham,61802,Mexican ,0,0,0,https://s3-media1.fl.yelpcdn.com/bphoto/czEs2nVubii-Z7V72MZUjQ/o.jpg
The Wild Hare,109 South 3rd St,61843,American (Traditional) Pubs ,0,0,0,https://s3-media2.fl.yelpcdn.com/bphoto/HE4wfH4G2Kx63_l8SddS-Q/o.jpg
Country Kettle,810 S Sangamon Ave,60936,Breakfast & Brunch American (Traditional) ,0,0,1,https://s3-media1.fl.yelpcdn.com/bphoto/fwzRovGU27_AtS2zj6oySA/o.jpg
Hen House Family Restaurant,74 State Rt 47,61853,American (Traditional) ,0,0,1,https://s3-media1.fl.yelpcdn.com/bphoto/ya3Xtpyl3r8ZQqbvonw0AQ/o.jpg
JT Walker's Restaurant and Brewery,401 E Main St,61853,American (Traditional) Sports Bars ,0,0,2,https://s3-media2.fl.yelpcdn.com/bphoto/feeYPe_2h1ryoftx4izafQ/o.jpg
The Bread Company,706 S Goodwin Ave,61801,Bakeries Sandwiches Modern European ,0,0,2,https://s3-media3.fl.yelpcdn.com/bphoto/rAFy2zIImv6YBY6wdyyyXg/o.jpg
J & J's Burgers & Beer,1500 E US Highway 36,61919,Restaurants ,0,0,0,
Howdy Burger,625 E Green St,61820,Burgers Hot Dogs ,0,0,0,https://s3-media4.fl.yelpcdn.com/bphoto/UqZED4BxgedGUedQDjXDBA/o.jpg
Manolo's Pizza & Empanadas,1115 W Oregon St,61801,Pizza Empanadas ,0,0,1,https://s3-media2.fl.yelpcdn.com/bphoto/D6IS-LzaLk7NoaLztn_uXQ/o.jpg
Dos Reales,1407 N Prospect Ave,61820,Mexican ,0,0,1,https://s3-media4.fl.yelpcdn.com/bphoto/2dmHSXyaHQfYGdgsl4kO2A/o.jpg
Bab Plus Korean Restaurant,700 S Gregory St,61801,Korean ,0,0,2,https://s3-media2.fl.yelpcdn.com/bphoto/8FMPwUpWV4PFmCECVyNXpw/o.jpg
Just Hamburgers,214 E Ottawa Rd,60957,American (New) Burgers ,0,0,1,https://s3-media3.fl.yelpcdn.com/bphoto/uXtxvEGcyX7_1HcV0lyCMw/o.jpg
Baxter's American Grille,100 Trade Centre Dr,61820,American (Traditional) Steakhouses Bars ,0,0,2,https://s3-media1.fl.yelpcdn.com/bphoto/sAq6iGCZZ-Obko5eCslZnQ/o.jpg
Original Pancake House,1909 W Springfield Ave,61821,Breakfast & Brunch ,0,0,2,https://s3-media1.fl.yelpcdn.com/bphoto/JweY0wnelPWIr-2UgNPD9g/o.jpg
Taco Motorizado,607 N Cunningham Ave,61802,Mexican Food Trucks Vegetarian ,0,0,1,https://s3-media2.fl.yelpcdn.com/bphoto/HhnMkO03Nv8FpZ9bv2YTnA/o.jpg
Smoky's House BBQ,1333 Savoy Plaza Ln,61874,Barbeque ,0,0,2,https://s3-media1.fl.yelpcdn.com/bphoto/uaFYbTuajYpoN_udxyP2kA/o.jpg
Maize at the Station,100 N Chestnut St,61820,Mexican ,0,0,1,https://s3-media2.fl.yelpcdn.com/bphoto/hejRMzETRXJ7pzJz_CTSlQ/o.jpg
Silvercreek,402 N Race St,61801,American (New) Breakfast & Brunch Venues & Event Spaces ,0,0,2,https://s3-media2.fl.yelpcdn.com/bphoto/9PuXdR_XINzCaRW5hs7_-g/o.jpg
Salad Meister,601 S 6th St,61820,Salad Wraps ,0,0,1,https://s3-media3.fl.yelpcdn.com/bphoto/1Gh2VcRS1nRJef5_8jIFqw/o.jpg
Jurassic Grill,404 E Green St,61820,Burgers American (Traditional) ,0,0,1,https://s3-media1.fl.yelpcdn.com/bphoto/PvX6FnAATthIXJquAyKV8w/o.jpg
Triptych Brewing,1703 Woodfield Dr,61874,Breweries ,0,0,1,https://s3-media1.fl.yelpcdn.com/bphoto/x7e30BdE94sHKPvwwvNGhg/o.jpg
Cheese and Crackers,1715 W Kirby,61821,Chocolatiers & Shops Delis Seafood Markets ,0,0,2,https://s3-media4.fl.yelpcdn.com/bphoto/kiSnogZSAYN_PnKf3UmRbw/o.jpg
Rich's Family Restaurant,305 W Ellen St,61859,Breakfast & Brunch American (New) ,0,0,1,https://s3-media3.fl.yelpcdn.com/bphoto/xsegN6hcPlRW0bXgzAQdWQ/o.jpg
Krispy Krunchy Chicken,900 W Bradley Ave,61821,Chicken Wings ,0,0,1,https://s3-media2.fl.yelpcdn.com/bphoto/EPuMLlM3-sHv3wX6dcbcwg/o.jpg
Siam Terrace,212 W Main St,61801,Thai ,0,0,2,https://s3-media1.fl.yelpcdn.com/bphoto/I7wfV0QAOD2CWfQGDjzSMw/o.jpg
Casa Del Mar,2870 S Philo Rd,61802,Seafood Mexican ,0,0,0,https://s3-media2.fl.yelpcdn.com/bphoto/lxL9k7p4mtg1DDpyEtaGZw/o.jpg
Mi Veracruz Mexican Grill,208 N Parke St,61953,Mexican ,0,0,2,https://s3-media4.fl.yelpcdn.com/bphoto/PHqNoPMbQ_wt3Ux3tsD5sw/o.jpg
Lai Lai Wok,402 E Green St,61820,Chinese ,0,0,2,https://s3-media3.fl.yelpcdn.com/bphoto/d8e_eSI0tUrMhtWpfdCbTw/o.jpg
Casa Real,1204 Bear Ln,61856,Mexican Chicken Wings Cocktail Bars ,0,0,1,https://s3-media2.fl.yelpcdn.com/bphoto/TtVIYpRwhtHY18E6MMFWPA/o.jpg
El Toro At The Fields,3401 Fields S Dr,61822,Mexican ,0,0,0,
The Main Street Pub of Monticello,113 W Main St,61856,American (Traditional) ,0,0,1,https://s3-media2.fl.yelpcdn.com/bphoto/nK0ybOnXirpzUWkgELOphQ/o.jpg
The Dancing Dog Eatery & Juicery,126 W Main St,61801,Vegan Juice Bars & Smoothies Sandwiches ,0,0,2,https://s3-media3.fl.yelpcdn.com/bphoto/Sb4N0zIuNdicVDHVsL8YZg/o.jpg
Golden Wok,405 E University Ave,61820,Thai Chinese ,0,0,1,https://s3-media4.fl.yelpcdn.com/bphoto/hMkIW3LwkWcjbzuWPnbZVg/o.jpg
Asian Noodle and Sushi,305 W Cedar St,61820,Sushi Bars Noodles ,0,0,0,https://s3-media4.fl.yelpcdn.com/bphoto/fOTQOIY50bI-NmPi7lSkkg/o.jpg
Miga,301 N Neil St,61820,Japanese American (New) Sushi Bars ,0,0,3,https://s3-media1.fl.yelpcdn.com/bphoto/VKLL1DTAvRoMgUQLvR-21A/o.jpg
The Himalayan Chimney,134 W Church St,61820,Indian Bars ,0,0,2,https://s3-media1.fl.yelpcdn.com/bphoto/4pTJ5iXex2XvC8qKAplavQ/o.jpg
Po' Boys Restaurant,202 E University Ave,61801,Barbeque Pizza ,0,0,1,https://s3-media2.fl.yelpcdn.com/bphoto/jn7jlOljsv-TYrL1SVuO0g/o.jpg
Huggermugger,Gregory And Stoughton,61801,Cheese Shops ,0,0,1,https://s3-media3.fl.yelpcdn.com/bphoto/cnBiUs1eM94lJgGAzPftyA/o.jpg
Aroma Cafe,118 N Neil St,61820,Coffee & Tea Cafes ,0,0,1,https://s3-media3.fl.yelpcdn.com/bphoto/d0gFdEiHuRI6zktBaAyigw/o.jpg
Padanos Pizza,209 N Main St,61873,Pizza ,0,0,2,https://s3-media3.fl.yelpcdn.com/bphoto/E-L-R66Ugyf6tE7t6G4t2g/o.jpg
Sitara,114 S Race St,61801,Indian Vegetarian ,0,0,2,https://s3-media2.fl.yelpcdn.com/bphoto/kZohRVXT1912k82J5vJ7zg/o.jpg
Big J J Fish & Chicken,1114 N Market St,61820,Chicken Wings Fish & Chips Fast Food ,0,0,1,https://s3-media2.fl.yelpcdn.com/bphoto/avuiw_N3F4gxze_lhidZBg/o.jpg
Longbranch Steakhouse,310 S Main St,61847,Steakhouses ,0,0,0,https://s3-media1.fl.yelpcdn.com/bphoto/f4LqyFns87RqQ4wiQNr-xg/o.jpg
Mahomet Family Restaurant,1002 Commercial Dr,61853,Diners Breakfast & Brunch American (Traditional) ,0,0,1,https://s3-media1.fl.yelpcdn.com/bphoto/owG1qNTbF9lehrfK7st0sw/o.jpg
Hank's Table,122 N Neil St,61820,Burgers Fast Food Cocktail Bars ,0,0,0,https://s3-media2.fl.yelpcdn.com/bphoto/YWspxsK7cflsh73IiWnZwg/o.jpg
Neil St Blues,301 N Neil St,61820,American (Traditional) Seafood Cocktail Bars ,0,0,2,https://s3-media2.fl.yelpcdn.com/bphoto/gde_MFS6JhAjztqT7odUQg/o.jpg
PvP Bakery,611 E Green St,61820,Bakeries Coffee & Tea Desserts ,0,0,0,https://s3-media3.fl.yelpcdn.com/bphoto/bkh51w9L_hLJ-MoD2IC2jA/o.jpg
Sidney Dairy Barn,311 W Main St,61877,Ice Cream & Frozen Yogurt ,0,0,1,https://s3-media2.fl.yelpcdn.com/bphoto/QDnDRW6DHXGe79Lwh8P-lw/o.jpg
Super Wok,202 N Market St,60957,Chinese ,0,0,1,https://s3-media4.fl.yelpcdn.com/bphoto/JWHVit7tDuaJBaHF6E2Z9g/o.jpg
Star火BBQ,1209 Savoy Plaza Ln,61874,Korean Barbeque ,0,0,0,https://s3-media3.fl.yelpcdn.com/bphoto/dPNbviln0Awe0TeKjkRjPQ/o.jpg
Mo's Burritos,1104 N Prospect Ave,61820,Food Trucks Mexican ,0,0,1,https://s3-media3.fl.yelpcdn.com/bphoto/Q3qBQVGuTmPVg4_BYmkbLA/o.jpg
Super Niro Gyro,608 West Town Center Blvd,61822,Greek ,0,0,1,https://s3-media2.fl.yelpcdn.com/bphoto/5aIrMuHkQqRMwy--4sf6_w/o.jpg
Fresh International Market,505 S Neil St,61820,Grocery Specialty Food ,0,0,1,https://s3-media4.fl.yelpcdn.com/bphoto/HtqRstvvKKnK_ossV-t2zQ/o.jpg
Derald's,,61801,Food Trucks ,0,0,1,https://s3-media3.fl.yelpcdn.com/bphoto/RsM5W-A2HWOZwhorqqusew/o.jpg
Blaze Fast-Fire'd Pizza,2610 N Prospect Ave,61822,Salad Fast Food Pizza ,0,0,1,https://s3-media1.fl.yelpcdn.com/bphoto/171RL0HgCsH0trnJMMMxYQ/o.jpg
Bossa Nova Cafe,1 E Main St,61820,Cafes ,0,0,0,https://s3-media3.fl.yelpcdn.com/bphoto/YhlYSphUAGyYwRSKrIxnCg/o.jpg
Red Wheel Restaurant,741 Broadmeadow Rd,61866,Breakfast & Brunch Steakhouses ,0,0,1,https://s3-media3.fl.yelpcdn.com/bphoto/mNPPBtRqnx5caIWtElYcpw/o.jpg
Chick-fil-A - Opening soon,2301 N Prospect Ave,61822,Fast Food ,0,0,0,
A-Ri-Rang,607 S Wright St,61820,Korean ,0,0,1,https://s3-media2.fl.yelpcdn.com/bphoto/GMtV-l-cmXnSEw43gATzHQ/o.jpg
Proud Marys',1003 E Southline Rd,61953,Bars American (Traditional) ,0,0,0,https://s3-media2.fl.yelpcdn.com/bphoto/NHOTKrVhEyKmF0SDMMLC6g/o.jpg
Kofusion,701 S Gregory St,61801,Sushi Bars Asian Fusion ,0,0,2,https://s3-media2.fl.yelpcdn.com/bphoto/wSEIV2Y_xQCip0Rpkv3nYw/o.jpg
Cafe Sababa,503 E John St,61820,Kosher Vegetarian Pizza ,0,0,1,https://s3-media2.fl.yelpcdn.com/bphoto/AfOCXW7tbFzPiVfRM3INZA/o.jpg
Papa Del's Pizza,1201 S Neil St,61820,Pizza Salad Sandwiches ,0,0,2,https://s3-media2.fl.yelpcdn.com/bphoto/n-PRhtPVlZH4hBJ5kWhpqA/o.jpg
Star Karaoke,1503 Lyndhurst Aly,61874,Karaoke Korean ,0,0,2,https://s3-media2.fl.yelpcdn.com/bphoto/svrIHlXSZYhc2hsIGuPVDg/o.jpg
Sam's Cafe,115 N Walnut St,61820,Diners Breakfast & Brunch ,0,0,1,https://s3-media4.fl.yelpcdn.com/bphoto/PJ2b2O2_9hCeWP00pjIrPw/o.jpg
Moki Sushi,2017 S Neil St,61820,Sushi Bars Japanese ,0,0,0,https://s3-media2.fl.yelpcdn.com/bphoto/yF1FsMrP9dfYnrte5ZzNCg/o.jpg
B Won,2006 S Neil St,61820,Korean ,0,0,2,https://s3-media2.fl.yelpcdn.com/bphoto/66fMi8L8zFfgjixiUkz5_Q/o.jpg
Good Fella Korean Bistro,905 S Neil St,61820,Korean ,0,0,2,https://s3-media4.fl.yelpcdn.com/bphoto/HP842G_fJlHMPYzoG1XvPA/o.jpg
The Blind Pig Company,120 N Walnut St,61820,"Pubs Beer, Wine & Spirits ",0,0,2,https://s3-media2.fl.yelpcdn.com/bphoto/l9FUb4-z0fGQQF2uzUbPDw/o.jpg
Prairie Fruits Farm & Creamery,4410 N Lincoln Ave,61822,Specialty Food Farms ,0,0,2,https://s3-media2.fl.yelpcdn.com/bphoto/iHdKgcMzmR-WXpL0KkNrSA/o.jpg
Zorba's Restaurant,627 E Green St,61820,Mediterranean Greek ,0,0,1,https://s3-media4.fl.yelpcdn.com/bphoto/IXd9tiXzlN-YShU_WaTeVg/o.jpg
Merry Ann's Diner,1103 W Oregon St,61801,Diners Breakfast & Brunch American (Traditional) ,0,0,1,https://s3-media2.fl.yelpcdn.com/bphoto/e_FiMMAWkLqEuMlmrQ2VtA/o.jpg
Kung Fu BBQ,510 E John St,61820,Barbeque Shanghainese Hot Pot ,0,0,2,https://s3-media2.fl.yelpcdn.com/bphoto/do4Hkb4o28Zyi9ehGV-8lw/o.jpg
Bangkok Thai & PHO 911,1104 N Cunningham Ave,61802,Thai ,0,0,2,https://s3-media3.fl.yelpcdn.com/bphoto/0_09T_1_I0DONW-xhlCvsA/o.jpg
Perkins Restaurant & Bakery,1214 W University Ave,61801,Bakeries American (Traditional) ,0,0,2,https://s3-media3.fl.yelpcdn.com/bphoto/tIftlKz1_cG1v3vTb63LTA/o.jpg
Slim Chickens,2037 S Neil St,61820,Southern Chicken Wings Comfort Food ,0,0,1,https://s3-media2.fl.yelpcdn.com/bphoto/z_-8VfzEGbFmC2tlJXKheQ/o.jpg
Monticello Red Wheel Restaurant,803 Iron Horse Ln,61856,Seafood Mexican Burgers ,0,0,1,https://s3-media4.fl.yelpcdn.com/bphoto/m-6-kzsB6HJfabQwPc5v0A/o.jpg
BrewLab Coffee,630 S 5th St,61820,Coffee & Tea ,0,0,2,https://s3-media2.fl.yelpcdn.com/bphoto/HxZs1hUWBwzB7iptyG7BMA/o.jpg
Belicious Bakery,1210 W Park,61821,Bakeries ,0,0,2,https://s3-media1.fl.yelpcdn.com/bphoto/FpKNjqM1SUpXAwYbrsZUpQ/o.jpg
Sugar By Sarah,306 W Springfield Ave,61820,Desserts Cupcakes Macarons ,0,0,3,https://s3-media3.fl.yelpcdn.com/bphoto/fPPttmhwy7XPw-_tBHQM3g/o.jpg
The Wok - Chinese Express,703 Eastwood Dr,61853,Chinese ,0,0,1,https://s3-media3.fl.yelpcdn.com/bphoto/Cssc1hFpkh29I3tgjtZgBg/o.jpg
Las Maria's Mexican Restaurant,112 Charter St,61856,Mexican ,0,0,0,https://s3-media1.fl.yelpcdn.com/bphoto/MyvVTbm_GGFHCpQOlin-xA/o.jpg
Spoon House Korean Kitchen,616 E Green St,61820,Korean ,0,0,2,https://s3-media4.fl.yelpcdn.com/bphoto/FawHykOGeLXGaDgg_uGxPA/o.jpg
Joe's Pizza,102 W Sale St,61953,Pizza Italian ,0,0,2,https://s3-media2.fl.yelpcdn.com/bphoto/JCeFV71o8Ngl1Av-RHhh_A/o.jpg
Bergie's - The Occasional Place,106 S Charter St,61856,Venues & Event Spaces Caterers Breakfast & Brunch ,0,0,0,https://s3-media4.fl.yelpcdn.com/bphoto/S2UVc6-grb3ZwzBbwLsntg/o.jpg
Wienerschnitzel,2102 W Springfield Ave,61821,Fast Food Hot Dogs Sandwiches ,0,0,1,https://s3-media3.fl.yelpcdn.com/bphoto/1xuwa04OFYfKrsyJu8M3jA/o.jpg
El Toro,221 E Lincoln St,61873,Mexican ,0,0,1,https://s3-media2.fl.yelpcdn.com/bphoto/lNiQwPRGDqD0VUbngBXxGg/o.jpg
Pokelab,605 S Sixth St,61820,Poke Seafood Hawaiian ,0,0,1,https://s3-media1.fl.yelpcdn.com/bphoto/npx4dAW6sPsuwipreLBbIw/o.jpg
The Village Cafe,103 N Main St,61913,Cafes ,0,0,0,
It'll Do Bar & Grill,215 S Lake Of The Woods Rd,61853,Sports Bars Beer Bar American (Traditional) ,0,0,0,https://s3-media3.fl.yelpcdn.com/bphoto/0w94GklCGzhOJogcb2qDBA/o.jpg
Sun Singer Wine and Spirits,1115 W Windsor Rd,61821,"Beer, Wine & Spirits Delis Wine Bars ",0,0,2,https://s3-media3.fl.yelpcdn.com/bphoto/6cauFpgZliLn5fBV8qqZYA/o.jpg
Oishi,2501 N Prospect Ave,61822,Sushi Bars Asian Fusion ,0,0,2,https://s3-media1.fl.yelpcdn.com/bphoto/kUrutSLdtDY62uQvZIwq3g/o.jpg
TEAMOJI,617 E Green St,61820,Bakeries Bubble Tea ,0,0,1,https://s3-media4.fl.yelpcdn.com/bphoto/BoGyOZ0DSI1uJxonWK2ORw/o.jpg
Texas Roadhouse,204 N. Country Fair Dr,61821,Steakhouses Barbeque American (Traditional) ,0,0,2,https://s3-media3.fl.yelpcdn.com/bphoto/7q9hsSlBKex8g07pe4X2ZQ/o.jpg
25 O'Clock Brewing Company,208 W Griggs St,61801,Breweries ,0,0,0,https://s3-media2.fl.yelpcdn.com/bphoto/Ne2wE3jgWrBElQi9aHt_Jg/o.jpg
Garbanzo Mediterranean Fresh,1401 W Green St,61801,Mediterranean Fast Food Greek ,0,0,0,https://s3-media1.fl.yelpcdn.com/bphoto/Gu5CGyR-3CFqUXPBOMBBFA/o.jpg
FOUR,401 E Green St,61820,Breakfast & Brunch ,0,0,0,https://s3-media2.fl.yelpcdn.com/bphoto/0T2xX35tX5q88T20JkCYZQ/o.jpg
Harvest Market,2029 South Neil St,61820,Grocery ,0,0,3,https://s3-media3.fl.yelpcdn.com/bphoto/NIdbG4M4o3JFLteHuiiNxg/o.jpg
Big Grove Tavern,1 E Main St,61820,American (New) Pubs Breakfast & Brunch ,0,0,2,https://s3-media2.fl.yelpcdn.com/bphoto/ARpnH81GWzbvbnqKkOjvgA/o.jpg
Peking Garden Restaurant,206 N Randolph St,61820,Chinese ,0,0,2,https://s3-media2.fl.yelpcdn.com/bphoto/xR39vJ1gpiquW2FZZqCwuw/o.jpg
Crane Alley,115 W Main St,61801,Bars American (Traditional) ,0,0,2,https://s3-media2.fl.yelpcdn.com/bphoto/vtl1fGPy7AAjOIBQ798pPg/o.jpg
Jerusalem Middle Eastern Cuisine,601 S Wright St,61820,Middle Eastern ,0,0,1,https://s3-media2.fl.yelpcdn.com/bphoto/muXRY2YXbX99sp91xqlvYg/o.jpg
Top Food,103 W Kirby Ave,61820,Barbeque Chinese Seafood ,0,0,0,https://s3-media2.fl.yelpcdn.com/bphoto/WbqdHeIcJAkmIxtbw2thGw/o.jpg
Fat Sandwich Company,502 E John St,61820,Sandwiches ,0,0,1,https://s3-media2.fl.yelpcdn.com/bphoto/h11MImO9LyQ2NA4bjGsbQQ/o.jpg
Filippo's Pizza and Italian Food of Mahomet,2012 Tin Cup Rd,61853,Italian Pizza Sandwiches ,0,0,1,https://s3-media1.fl.yelpcdn.com/bphoto/xkt-EKintAiM_DX3PewspA/o.jpg
Red Bicycle Ice Cream,2740 S Philo Rd,61801,Ice Cream & Frozen Yogurt Coffee & Tea Juice Bars & Smoothies ,0,0,2,https://s3-media1.fl.yelpcdn.com/bphoto/z4H4i4-DeezaJTvMQLeEMg/o.jpg
Cafe Kopi,109 N Walnut St,61820,Coffee & Tea Desserts Sandwiches ,0,0,1,https://s3-media2.fl.yelpcdn.com/bphoto/4iTxbA3FyOvo-M_BaNQHXQ/o.jpg
Paris Super Crepes,601 S 6th St,61820,Desserts Ice Cream & Frozen Yogurt Creperies ,0,0,1,https://s3-media3.fl.yelpcdn.com/bphoto/E7CUH3Rx8G42BJRQTXJeUQ/o.jpg
Chopstix,202 E Green St,61820,Chinese ,0,0,1,https://s3-media2.fl.yelpcdn.com/bphoto/hlWiD9m-2EpcOevoDkzaNA/o.jpg
Pandamonium Doughnuts Food Truck,,61821,Food Trucks Donuts ,0,0,2,https://s3-media3.fl.yelpcdn.com/bphoto/s_P15JNk6Q3xVMhlXx-c7Q/o.jpg
Cafeteria & Company,208 W Main St,61801,Coffee & Tea Sandwiches Cafes ,0,0,0,https://s3-media1.fl.yelpcdn.com/bphoto/_D0GS3LeCBBZ87pl8aQCug/o.jpg
Pies by Inge,212 W Washington St,61856,Bakeries Desserts Cupcakes ,0,0,1,https://s3-media3.fl.yelpcdn.com/bphoto/S2gOrh1cI4xq84BtgXFM0Q/o.jpg
Toro Loco,1601 N Cunningham Ave,61802,Mexican ,0,0,2,https://s3-media2.fl.yelpcdn.com/bphoto/ChUnqm0g4YaUZHqJnsOIqA/o.jpg
Cracker Barrel Old Country Store,2101 N Kenyon Rd,61802,Breakfast & Brunch American (Traditional) Salad ,0,0,1,https://s3-media3.fl.yelpcdn.com/bphoto/8W57-Ds6faU8W3BFQD0I1w/o.jpg
Philo Tavern,101 W Washington St,61864,American (Traditional) ,0,0,2,https://s3-media1.fl.yelpcdn.com/bphoto/HAwxM0Wwjey_dWcCcQrGpQ/o.jpg
The Vault,121 East Ave,61859,American (New) Bars ,0,0,0,https://s3-media4.fl.yelpcdn.com/bphoto/ynmXmAwHzEoEKTU6gge42Q/o.jpg
Windy City Express,410 N Race St,61801,Hot Dogs Burgers ,0,0,1,https://s3-media4.fl.yelpcdn.com/bphoto/idrFmN9UYWtUzjpfokuq9Q/o.jpg
Pandamonium Doughnuts,1105 Windsor Rd,61821,Donuts Coffee & Tea ,0,0,2,https://s3-media3.fl.yelpcdn.com/bphoto/WqYkMPaJovVqzLY9Mcn1kw/o.jpg
Los Caminos,1120 S Sangamon Ave,60936,Mexican ,0,0,2,https://s3-media1.fl.yelpcdn.com/bphoto/omzDlMxkXxvny3_3wkfLxQ/o.jpg
Tacos Locos Food Truck,1001 West Bloomington Rd,61821,Food Trucks ,0,0,1,https://s3-media3.fl.yelpcdn.com/bphoto/8qyZqZAxnQuB_KsRO4j23A/o.jpg
Burrito King,408 E Green St,61820,Mexican ,0,0,1,https://s3-media3.fl.yelpcdn.com/bphoto/4BDmxETNP9u7KgBBMzE8KQ/o.jpg
Pour Bros. Taproom,40 E University Ave,61820,Brewpubs ,0,0,0,https://s3-media1.fl.yelpcdn.com/bphoto/qAACgFBURwAtRxuqhdjwxQ/o.jpg
Natural Gourmet,2225 S Neil St,61820,Health Markets ,0,0,2,https://s3-media1.fl.yelpcdn.com/bphoto/Gbywo7B_2ebJ7O5AX8Z7cQ/o.jpg
That Burger Joint,1905 S Neil St,61820,Burgers ,0,0,0,https://s3-media1.fl.yelpcdn.com/bphoto/u0MQEHXhSTVVJkyKl1qkGA/o.jpg
Buffalo Wild Wings,1335 Savoy Plaza Dr,61874,American (Traditional) Sports Bars Chicken Wings ,0,0,2,https://s3-media4.fl.yelpcdn.com/bphoto/hdVAW2KrlCYGHOy14PAPug/o.jpg
Urbana Garden Family Restaurant,810 W Killarney St,61801,Diners American (Traditional) ,0,0,1,https://s3-media4.fl.yelpcdn.com/bphoto/_rUeFTcGZEShvGOXuyU3kw/o.jpg
Basil Thai Urbana,701 S Gregory St,61803,Thai ,0,0,1,https://s3-media1.fl.yelpcdn.com/bphoto/UklLMBtjtK0usMTdK-CgRA/o.jpg
Pizzeria Antica,10 E Chester St,61820,Pizza Italian ,0,0,2,https://s3-media4.fl.yelpcdn.com/bphoto/qGUcOx65tVtE9gk252JuKw/o.jpg
Potbelly Sandwich Shop,501 E Green St,61820,Sandwiches Fast Food Salad ,0,0,1,https://s3-media1.fl.yelpcdn.com/bphoto/PJ6x18bQNJTCKFnPPFuNNw/o.jpg
Riggs Beer Company,1901 S High Cross Rd,61802,Breweries Beer Gardens Beer Tours ,0,0,1,https://s3-media2.fl.yelpcdn.com/bphoto/l2WrfZK0aSANmI6jB4HNwQ/o.jpg
Flying Machine Avionics,202 S 1st St,61820,Coffee & Tea ,0,0,1,https://s3-media4.fl.yelpcdn.com/bphoto/uZ-eyb19lIfvtmCv4fs1hA/o.jpg
Grovestone,1707 W Kirby Ave,61821,"Specialty Food Beer, Wine & Spirits Ice Cream & Frozen Yogurt ",0,0,2,https://s3-media3.fl.yelpcdn.com/bphoto/guemhzX-Kf6eUZ_ql3Wd3g/o.jpg
Buford's Pub,109 E Market St,61872,Burgers Dive Bars Cocktail Bars ,0,0,0,https://s3-media2.fl.yelpcdn.com/bphoto/n1IMsa-aAAa4Q9rVB_p8Sg/o.jpg
Bunny's Tavern,119 W Water St,61801,Dive Bars American (Traditional) ,0,0,1,https://s3-media2.fl.yelpcdn.com/bphoto/Eu0d_lWauINHwPv5JBU-QQ/o.jpg
Le Peep Restaurant,2209 S Neil St,61820,Breakfast & Brunch Coffee & Tea American (Traditional) ,0,0,2,https://s3-media2.fl.yelpcdn.com/bphoto/GPdF3ow9xeKrYjMpA7lM4A/o.jpg
Ye Olde Donut Shoppe,1401 S Neil St,61820,Donuts ,0,0,1,https://s3-media3.fl.yelpcdn.com/bphoto/g4AR5K-cWfgkmY7CKi1hWA/o.jpg
Art Mart,1705 S Prospect Ave,61820,Specialty Food Bakeries Women's Clothing ,0,0,2,https://s3-media3.fl.yelpcdn.com/bphoto/BwJVdlLrBX9yLJY27DLY5w/o.jpg
Merry Ann's Diner,1510 S Neil St,61820,Diners Breakfast & Brunch American (Traditional) ,0,0,1,https://s3-media3.fl.yelpcdn.com/bphoto/cY2w6XHKRF0Oy8IkM6J3kQ/o.jpg
Boomerang's Bar & Grill,1309 E Washington St,61802,American (Traditional) Bars ,0,0,1,https://s3-media2.fl.yelpcdn.com/bphoto/ZepMm8IdrO61lzpqvHSJKA/o.jpg
Scotty's Brewhouse,2001 S Neil St,61820,Sports Bars Burgers Brewpubs ,0,0,2,https://s3-media2.fl.yelpcdn.com/bphoto/ucK19tOj4ceuii9SBz0MfQ/o.jpg
Hickory River Smokehouse,1706 N Cunningham Ave,61802,Smokehouse ,0,0,1,https://s3-media2.fl.yelpcdn.com/bphoto/xvBtdaithFNFOvlA_pEBvQ/o.jpg
Illini Inn,901 S 4th St,61820,Dive Bars Pubs Pizza ,0,0,1,https://s3-media2.fl.yelpcdn.com/bphoto/9xdVPl4Ao6uEDK3TxV-8Vg/o.jpg
Niro's Gyros,1007 W University Ave,61801,Greek ,0,0,1,https://s3-media3.fl.yelpcdn.com/bphoto/T1i5AxdPcJ7NJE6pTB4X_Q/o.jpg
Super Wok,1737 W Kirby Ave,61821,American (New) ,0,0,2,https://s3-media2.fl.yelpcdn.com/bphoto/ivJqCgf4ipNVm98OyuJIyg/o.jpg
CBPB Popcorn Shop,1506 S Neil St,61821,Popcorn Shops Food Trucks Shaved Ice ,0,0,1,https://s3-media1.fl.yelpcdn.com/bphoto/72eCkd5zw4xp84kSEC7TKQ/o.jpg
Roch's Place,101 N Main St,61873,Burgers Sports Bars ,0,0,2,https://s3-media4.fl.yelpcdn.com/bphoto/V4NQXC4Q3xUQt4ygENupJw/o.jpg
Kung Fu Tea,707 S 6th St,61820,Bubble Tea Coffee & Tea Juice Bars & Smoothies ,0,0,2,https://s3-media3.fl.yelpcdn.com/bphoto/0s1Sbf5LevY7xRnUkrhiBQ/o.jpg
Niro's Gyros,2001 W Springfield Ave,61821,Greek ,0,0,1,https://s3-media4.fl.yelpcdn.com/bphoto/BSW21AefoU8fHUlkDefjUw/o.jpg
Billy Barooz Bar & Grill,2521 Village Green Pl,61822,Sports Bars American (Traditional) ,0,0,2,https://s3-media3.fl.yelpcdn.com/bphoto/38dUwJoXVodfaZYYD3jurw/o.jpg
La Bamba,1905 Glenn Park Dr,61821,Mexican ,0,0,1,https://s3-media2.fl.yelpcdn.com/bphoto/9NCy1GebExz4LQh1hsVREw/o.jpg
Einstein Bros Bagels,901 W University Ave,61801,Breakfast & Brunch Sandwiches ,0,0,1,https://s3-media4.fl.yelpcdn.com/bphoto/7e_o6RvNsHXPFSuZeJTa_w/o.jpg
K-Bowl,39 E Green St,61820,Poke ,0,0,1,https://s3-media1.fl.yelpcdn.com/bphoto/RKXGcQqI0TuvC0GnJaHVtg/o.jpg
Sushi Kame,132 W Church St,61820,Sushi Bars Japanese ,0,0,2,https://s3-media3.fl.yelpcdn.com/bphoto/hNm9jXKyZyR6ZGQmHDA7nQ/o.jpg
Coffee & Friends,218 N Market St,60957,Cafes Coffee & Tea Bakeries ,0,0,0,https://s3-media4.fl.yelpcdn.com/bphoto/XVB8kh4DVvRliV3NwuN2qQ/o.jpg
Monicals Pizza,102 N Sycamore St,61956,Pizza ,0,0,2,https://s3-media4.fl.yelpcdn.com/bphoto/w2vrGdgVIZuonacfErSuCQ/o.jpg
Rubens Chocolates,1602 E University Ave,61801,Chocolatiers & Shops ,0,0,3,https://s3-media3.fl.yelpcdn.com/bphoto/34kzbmSOnxrxhKpCK0C0jA/o.jpg
El Patio,2506 Village Green Pl,61822,Mexican Salad Steakhouses ,0,0,2,https://s3-media3.fl.yelpcdn.com/bphoto/bfO2q8X5CW-1-qrXhvntlw/o.jpg
Cakes By Lori,,61853,Custom Cakes ,0,0,1,https://s3-media1.fl.yelpcdn.com/bphoto/9xsZlZRqkBkOOXnPHSoFUA/o.jpg
Sidney Saloon,204 S David St,61877,Pizza Sandwiches Bars ,0,0,0,https://s3-media1.fl.yelpcdn.com/bphoto/oBjrG3U47y5wTRVg9sW8_g/o.jpg
Green Jade,1109 W Windsor,61821,Chinese Seafood ,0,0,1,https://s3-media3.fl.yelpcdn.com/bphoto/_iow0eOxT80prFAJmAdk5A/o.jpg
Pekara Bakery and Bistro,116 N Neil St,61821,Creperies Sandwiches Gelato ,0,0,1,https://s3-media2.fl.yelpcdn.com/bphoto/26WtLQUNHI5LxoRAB3UzEQ/o.jpg
World Harvest Foods,306 Springfield Ave,61801,Cheese Shops Olive Oil International Grocery ,0,0,2,https://s3-media2.fl.yelpcdn.com/bphoto/TyYYXwMB-58hyPj0g_hWNg/o.jpg
Hamilton Walker's,201 N Neil St,61820,Seafood Steakhouses Bars ,0,0,3,https://s3-media3.fl.yelpcdn.com/bphoto/MYqa6qS_MyNiBYvTB0zRPg/o.jpg
Moe's Southwest Grill,2041 S Neil St,61820,Mexican Tex-Mex ,0,0,1,https://s3-media4.fl.yelpcdn.com/bphoto/CS14HNLL5r61rRW6Kp4GuA/o.jpg
Timpone's,710 S Goodwin Ave,61801,Italian Steakhouses ,0,0,2,https://s3-media3.fl.yelpcdn.com/bphoto/U2D6GFY7cEwhjjJUyNp6Hw/o.jpg
Steak ’n Shake,1709 S Neil St,61820,American (Traditional) Fast Food Burgers ,0,0,1,https://s3-media3.fl.yelpcdn.com/bphoto/bXlWvXM3NyULobHActSeKw/o.jpg
The Spice Box,905 S Goodwin Ave,61801,Specialty Food ,0,0,2,https://s3-media2.fl.yelpcdn.com/bphoto/W7GHXGvbJAAbFgaRYxmhmg/o.jpg
Tiny Greens,2314 N High Cross Rd,61802,Farmers Market ,0,0,0,https://s3-media2.fl.yelpcdn.com/bphoto/sPngUmDDgNs_U41_u2ojJA/o.jpg
Betsy's Bistro Mobile,,61801,Food Trucks ,0,0,1,https://s3-media2.fl.yelpcdn.com/bphoto/ki5ADNxlLrqmRRNPq3SQjw/o.jpg
Super Taco,523 W Town Center Blvd,61822,Mexican ,0,0,1,https://s3-media4.fl.yelpcdn.com/bphoto/N5fHOZ4J_XxrfKwQn5rSvw/o.jpg
Old Chicago,1910 N Neil St,61820,Pizza American (Traditional) Sports Bars ,0,0,2,https://s3-media4.fl.yelpcdn.com/bphoto/TdoXKEh-tMQHaCORVvtzSg/o.jpg
The Clark Bar,207 W Clark St,61820,Karaoke American (Traditional) ,0,0,1,https://s3-media2.fl.yelpcdn.com/bphoto/KgrNFc_lGPohHgEljzMrXA/o.jpg
Common Ground Food Co-Op,300 S Broadway,61801,Grocery CSA ,0,0,2,https://s3-media2.fl.yelpcdn.com/bphoto/Rqow834k5K188OyfyaRQvg/o.jpg
Thomasboro Grocery,608 N Commercial St,61878,Grocery ,0,0,2,https://s3-media3.fl.yelpcdn.com/bphoto/_qkZk-qu3ZJWnFAEFbyOAw/o.jpg
Caffe Paradiso,801 S Lincoln Ave,61801,Coffee & Tea Sandwiches Shaved Ice ,0,0,1,https://s3-media3.fl.yelpcdn.com/bphoto/7sGoWIbPPdqdZV9KITz-Dg/o.jpg
The Hub Champaign,601 S 1st St,61820,Sports Bars American (Traditional) ,0,0,2,https://s3-media4.fl.yelpcdn.com/bphoto/6XduaQouPUT2p5d55J1CBw/o.jpg
Biaggi's Ristorante Italiano,2235 S Neil St,61820,Italian ,0,0,2,https://s3-media1.fl.yelpcdn.com/bphoto/ISiYezRLxOPIwNVpScqaog/o.jpg
Alexander's Steakhouse,202 W Anthony Dr,61821,Steakhouses ,0,0,3,https://s3-media4.fl.yelpcdn.com/bphoto/Kv0Y1h-OO6bMASP56unYyw/o.jpg
Farmhouse Restaurant At Harvest Market,2029 South Neil St,61820,American (Traditional) Delis Breakfast & Brunch ,0,0,3,https://s3-media1.fl.yelpcdn.com/bphoto/CtzicTnYg6aGlihPZWOBeg/o.jpg
Chester's BBQ,302 S Neil St,61820,Food Trucks Barbeque ,0,0,2,https://s3-media3.fl.yelpcdn.com/bphoto/DuQYMnNQWOQE-ITxwHGwqQ/o.jpg
Deb's Diner,17 S Main St,61956,American (Traditional) ,0,0,0,
QDOBA Mexican Eats,1401 W Green St,61801,Mexican Fast Food ,0,0,1,https://s3-media2.fl.yelpcdn.com/bphoto/y5nCPvr74qKyEukjpQJlvg/o.jpg
5 Acre Farm Daylilies,1578 County Rd 300N,61880,Farmers Market ,0,0,0,https://s3-media1.fl.yelpcdn.com/bphoto/907binSKzbXGGkHWDeclwQ/o.jpg
Sweet Designs,,61853,Bakeries ,0,0,0,https://s3-media1.fl.yelpcdn.com/bphoto/8hFz2pTD1ainVCrQNuaBhQ/o.jpg
Mandarin Wok,403 1/2 E Green St,61820,Chinese ,0,0,1,https://s3-media2.fl.yelpcdn.com/bphoto/ye2hnbFYoa_-xf-nrLCuHg/o.jpg
Jimmy John's,807 S Lincoln Ave,61801,Sandwiches Delis Fast Food ,0,0,1,https://s3-media4.fl.yelpcdn.com/bphoto/R5Pd_DGRdtmdgw1IIl-bNw/o.jpg
A Plus VIP Lounge,214 W Main St,61801,Cafes Karaoke ,0,0,2,https://s3-media2.fl.yelpcdn.com/bphoto/MdPNPbittzCZH7U5Nn_wkQ/o.jpg
China King,205 W Warren St,61873,Chinese ,0,0,1,https://s3-media2.fl.yelpcdn.com/bphoto/Dx7UFG01YjE8goD6lJ07-w/o.jpg
BBQ Premium Chicken,700 S Gregory St,61801,Korean ,0,0,2,https://s3-media2.fl.yelpcdn.com/bphoto/dqevx8aQK5Tsv1UcK-RPsg/o.jpg
Pancheros Mexican Grill,2009 S Neil St,61820,Mexican ,0,0,1,https://s3-media4.fl.yelpcdn.com/bphoto/bNKmAMPoFDnVTPCU8k6GEg/o.jpg
Market at the Square,401 S Vine St,61801,Farmers Market ,0,0,2,https://s3-media4.fl.yelpcdn.com/bphoto/wFFgAZqz9C_-Kq0Ywcnpjg/o.jpg
BoBo's BBQ,1511 W Springfield Ave,61821,Barbeque ,0,0,1,https://s3-media1.fl.yelpcdn.com/bphoto/HX1u_Y6QvsowfsFvHgPUNg/o.jpg
Amaravati  Indian Royal Cuisine,2501 Village Green Pl,61822,Indian ,0,0,1,https://s3-media3.fl.yelpcdn.com/bphoto/MuGo3F6ssRiLqXXBkuTtYg/o.jpg
Just Roll with It,,60957,Food Trucks Fast Food ,0,0,0,https://s3-media2.fl.yelpcdn.com/bphoto/3tU6MJnyNI4yI-_DGtWI_w/o.jpg
YoYo's,104 S Lombard St,61853,Ice Cream & Frozen Yogurt ,0,0,2,https://s3-media1.fl.yelpcdn.com/bphoto/xDbah-OYXxZcV7HFx9pIlA/o.jpg
Caffebene,700 S Gregory St,61801,Cafes Coffee & Tea Desserts ,0,0,2,https://s3-media2.fl.yelpcdn.com/bphoto/UNX5eFEFQRCQQW5-tWww_Q/o.jpg
The Ribeye,1701 S Neil St,61820,Steakhouses Salad Venues & Event Spaces ,0,0,2,https://s3-media1.fl.yelpcdn.com/bphoto/vLuBwnCB_zlAaq84dwW9Mw/o.jpg
Esquire Lounge,106 N Walnut St,61820,Pizza Pool Halls American (Traditional) ,0,0,1,https://s3-media3.fl.yelpcdn.com/bphoto/cqp6ZCBNajrHmqvB_6HV_Q/o.jpg
Hopscotch,802 W John St,61820,Cupcakes Bakeries Custom Cakes ,0,0,2,https://s3-media2.fl.yelpcdn.com/bphoto/g9-bxg9sbfTqowKFMVSVxg/o.jpg
Lucky Moon Pies and More,401 E Oak St,61853,Bakeries Cupcakes Desserts ,0,0,0,https://s3-media3.fl.yelpcdn.com/bphoto/HB9qwwNMshPuKqDq-U9KFQ/o.jpg
Fiesta Cafe,216 S 1st St,61820,Mexican ,0,0,2,https://s3-media3.fl.yelpcdn.com/bphoto/kCLiK04rQSUZQBys_GxsBg/o.jpg
Jarling's Custard Cup,309 W Kirby Ave,61820,Ice Cream & Frozen Yogurt ,0,0,1,https://s3-media1.fl.yelpcdn.com/bphoto/1CFdSdDWcEPU9bHdoZhFEA/o.jpg
Pontious Farm,1958 Blueberry Ln,61884,Fruits & Veggies ,0,0,1,
Geschenk Boutique,228 E Lincoln,61873,Gift Shops Coffee & Tea Ice Cream & Frozen Yogurt ,0,0,2,https://s3-media4.fl.yelpcdn.com/bphoto/dgF2-zm3JcsMqumg-3Okxg/o.jpg
Subway Restaurants,708 S Sangamon Ave,60936,Sandwiches ,0,0,1,https://s3-media2.fl.yelpcdn.com/bphoto/v4LSxWEsuWjtxFcQxU3ipA/o.jpg
Wyldewood Cellars,218 E Lincoln St,61873,Wineries ,0,0,1,https://s3-media1.fl.yelpcdn.com/bphoto/hbYg2K5QZWJuhPXdkz1ycw/o.jpg
Libby's Lounge,905 S Neil St,61820,Cafes Casinos ,0,0,0,https://s3-media1.fl.yelpcdn.com/bphoto/WwGVR49nv8cD5udd_XSOpQ/o.jpg
Taco John's,902 Meijer Dr,61822,Mexican Fast Food ,0,0,1,https://s3-media1.fl.yelpcdn.com/bphoto/1vlflf4j-Rl1Chr2vWDDnQ/o.jpg
Lao Sze Chuan Chinese Restaurant,608 E University Ave,61820,Szechuan ,0,0,2,https://s3-media4.fl.yelpcdn.com/bphoto/yk0Cp4cNMcJbeZjBwk2ZOg/o.jpg
Sammy's Pancake House,1206 N Mattis Ave,61821,Breakfast & Brunch ,0,0,1,https://s3-media2.fl.yelpcdn.com/bphoto/xtqk5d7LT87CPKn0lL-NCA/o.jpg
Jet's Pizza,512 S Neil St,61820,Pizza ,0,0,1,https://s3-media4.fl.yelpcdn.com/bphoto/Y060U1xV8HgQw7Bi9W7usg/o.jpg
Wingin Out,301 E Green St,61820,Chicken Wings American (New) Fast Food ,0,0,2,https://s3-media3.fl.yelpcdn.com/bphoto/7_DSe5pir9RGW2ptrwymRw/o.jpg
Taipei Cafe,512 E Green St,61820,Bubble Tea Desserts ,0,0,1,https://s3-media4.fl.yelpcdn.com/bphoto/qbZ9Nt17o79zoE9T35HtyA/o.jpg
Asian Taste Restaurant,502 E John St,61820,Chinese ,0,0,1,https://s3-media1.fl.yelpcdn.com/bphoto/PVK0Ji2z-vH5a2y31IOl0g/o.jpg
Red Cape Hot Pot,112 E Green St,61820,Hot Pot ,0,0,0,https://s3-media2.fl.yelpcdn.com/bphoto/mPg8cF6SAAXdOmUCbWRFBw/o.jpg
Clever Moose Market Café,1807 S Neil St,61820,Cafes ,0,0,0,https://s3-media2.fl.yelpcdn.com/bphoto/3aKRFz_cX0kwV1E3CXLZag/o.jpg
Marble Slab Creamery,1211 Savoy Plz Ln,61874,Ice Cream & Frozen Yogurt Cupcakes ,0,0,2,https://s3-media1.fl.yelpcdn.com/bphoto/6XOwTXJ6xA8Mj38cXAGn2w/o.jpg
Hammond Cafe,8266 US Hwy 36,61929,Cafes ,0,0,0,
Stagecoach At Gordyville,2203 County Rd 3000 N,61866,American (New) Pizza Barbeque ,0,0,1,https://s3-media1.fl.yelpcdn.com/bphoto/5AXTp5wzmGEI1cHWCVM0nA/o.jpg
Spicy Tang,607 S 6th St,61820,Chinese ,0,0,2,https://s3-media2.fl.yelpcdn.com/bphoto/5e2WToBvAvBfzd7o9t6fsg/o.jpg
Subway Restaurants,725 W. Champaign Ave,61866,Sandwiches ,0,0,1,https://s3-media1.fl.yelpcdn.com/bphoto/TCYtL5ANU9gdkzAV0yv8TQ/o.jpg
Attie's Bar & Grill,2600 S Stone Creek Blvd,61802,American (Traditional) Bars ,0,0,2,https://s3-media3.fl.yelpcdn.com/bphoto/2D7do3HYVNAsizqjl3v0lg/o.jpg
Freddy's Frozen Custard & Steakburgers,420 W Towncenter Blvd,61822,Burgers Ice Cream & Frozen Yogurt Fast Food ,0,0,1,https://s3-media3.fl.yelpcdn.com/bphoto/IeB-agN_XpMTljyIM9NyoQ/o.jpg
Jupiter's Pizzeria and Billiards,39 E Main St,61820,Pool Halls Pizza Lounges ,0,0,2,https://s3-media3.fl.yelpcdn.com/bphoto/TBbmnjoqmB81VHNNJFLLUg/o.jpg
Berries and Flour,,61822,Bakeries Fruits & Veggies Custom Cakes ,0,0,0,https://s3-media2.fl.yelpcdn.com/bphoto/woy6tkYpeBmK-aHC347Jkg/o.jpg
Smallcakes Cupcakery and Creamery,2005 S Neil St,61820,Bakeries Cupcakes Custom Cakes ,0,0,0,https://s3-media3.fl.yelpcdn.com/bphoto/vq8p4owcp69WCoYFlTcGZQ/o.jpg
DP Dough,33 E Green St,61820,Pizza Fast Food ,0,0,1,https://s3-media4.fl.yelpcdn.com/bphoto/Cr4JkXWScRaMakFC8tWLTw/o.jpg
Tastefully Done,,61820,Food Delivery Services ,0,0,0,https://s3-media2.fl.yelpcdn.com/bphoto/w8VX_UmTiNoQATcwUTisYw/o.jpg
Jimmy John's,710 W Champaign Ave,61866,Sandwiches Fast Food Delis ,0,0,1,
Rainbow Garden Champaign,1402 S Neil St,61820,Chinese ,0,0,2,https://s3-media1.fl.yelpcdn.com/bphoto/9OeYrFOORvHb2e0JhKGy4w/o.jpg
Carmella's Creme,1611 W Springfield Ave,61821,Donuts ,0,0,1,https://s3-media2.fl.yelpcdn.com/bphoto/tnlVsj0GVES8og5FAnJ0iw/o.jpg
Penn Station,906 W Town Center Blvd,61822,Sandwiches ,0,0,2,https://s3-media1.fl.yelpcdn.com/bphoto/dyvDDGZ50dwOGSP6ZlomlQ/o.jpg
McAlister's Deli,421 Town Center Rd,61820,Delis Salad Sandwiches ,0,0,1,https://s3-media2.fl.yelpcdn.com/bphoto/swv8E72jDPoe1sPPSjtzdw/o.jpg
El Toro Bravo,2561 W Springfield Ave,61821,Mexican ,0,0,1,https://s3-media2.fl.yelpcdn.com/bphoto/PbU6kONQ7O6D1x1x2iB3vw/o.jpg
Kofusion,1 E Main St,61820,Asian Fusion Sushi Bars ,0,0,2,https://s3-media4.fl.yelpcdn.com/bphoto/SxzAsZleYc-qhq7A8q_VMA/o.jpg
Chili's,1905 N Prospect Ave,61822,American (Traditional) Bars Tex-Mex ,0,0,2,https://s3-media3.fl.yelpcdn.com/bphoto/pAKwciKw6q2iLqCKm8GuPg/o.jpg
BIGGBY COFFEE,401 S Mattis Ave,61821,Coffee & Tea Cafes ,0,0,1,https://s3-media2.fl.yelpcdn.com/bphoto/av3WZ1tEFwbGzPOLNOa5lA/o.jpg
The Pop Stop,,61820,Food Trucks ,0,0,2,https://s3-media1.fl.yelpcdn.com/bphoto/psjeDpxNMnJEvWMbKMM2mQ/o.jpg
Firehouse Subs,803 W Anthony Dr,61822,Sandwiches Fast Food Delis ,0,0,1,https://s3-media2.fl.yelpcdn.com/bphoto/7yLlYELFNP26C9L-45lrlQ/o.jpg
The Cake Artist's Studio,1100 W Bloomington Rd,61820,Bakeries ,0,0,2,https://s3-media1.fl.yelpcdn.com/bphoto/lUGSPzeZVP1zJjhWctvg9w/o.jpg
Ming Garden,1804 Sangamon Dr,61821,Chinese ,0,0,1,https://s3-media2.fl.yelpcdn.com/bphoto/wfVXQRy20b5zKPlVF91B-w/o.jpg
Noodles & Company,528 East Grn,61820,Noodles Salad Pasta Shops ,0,0,1,https://s3-media3.fl.yelpcdn.com/bphoto/D-hhxz6pCxXuEHHWFwIMOQ/o.jpg
South China Restaurant,25 E Springfield Ave,61820,Chinese ,0,0,2,https://s3-media1.fl.yelpcdn.com/bphoto/V5BaPRCVq9HBlZLfXBp2-w/o.jpg
Pizza Palace,560 John St,60957,Pizza Italian Chicken Wings ,0,0,0,https://s3-media2.fl.yelpcdn.com/bphoto/eCyvzsIyHreW4pEB3loscQ/o.jpg
The Blind Pig Brewery,120 N Neil St,61820,Breweries ,0,0,1,https://s3-media1.fl.yelpcdn.com/bphoto/TOJ8KLJk8Z01ojB1BpsGFw/o.jpg
Sushi Ichiban,619 S Wright St,61820,Sushi Bars Japanese ,0,0,2,https://s3-media3.fl.yelpcdn.com/bphoto/SxX3hxG89NV_nDeIpVldtQ/o.jpg
Mom & Pop's Kettle Korn Stop,119 S Market St,60957,Popcorn Shops ,0,0,0,https://s3-media4.fl.yelpcdn.com/bphoto/jNMoH9W4OugckjaWSFEI4A/o.jpg
Hot Wok Express,1102 W University Ave,61801,Chinese ,0,0,1,https://s3-media4.fl.yelpcdn.com/bphoto/OHj-mkjkcFayH5DIZC23fA/o.jpg
Sushi Rock,621 E Green St,61820,Japanese Korean Sushi Bars ,0,0,2,https://s3-media2.fl.yelpcdn.com/bphoto/KdQv5TJntsF8dXQicfvf3w/o.jpg
Haymakers,202 Devonshire Dr,61820,Gas Stations Convenience Stores ,0,0,1,https://s3-media2.fl.yelpcdn.com/bphoto/lHFW3CM4XTjxC4BKZvANtw/o.jpg
Chipotle Mexican Grill,903 W Anthony Dr,61821,Mexican Fast Food ,0,0,1,https://s3-media4.fl.yelpcdn.com/bphoto/QOTnBxn-oEavXtfkX8W-kw/o.jpg
Evo Cafe,711 S 6th St,61820,Chinese ,0,0,2,https://s3-media1.fl.yelpcdn.com/bphoto/HkseZpoiH65BMO5olvGnDg/o.jpg
Mia Za's Cafe,629 E Green St,61820,Pizza Italian Cafes ,0,0,1,https://s3-media4.fl.yelpcdn.com/bphoto/1xisNuF1QgaJktmkjx6vtg/o.jpg
Best Wok,907 W Marketview Dr,61822,Chinese ,0,0,1,https://s3-media2.fl.yelpcdn.com/bphoto/qBdcLJ3WJDhnZqZaydWDzw/o.jpg
Bombay Indian Grill,401 E Green St,61820,Indian ,0,0,2,https://s3-media1.fl.yelpcdn.com/bphoto/NHEWHLxfozrPlhny_Xmu3g/o.jpg
Popeyes Louisiana Kitchen,910 W Bloomington Rd,61821,Fast Food Chicken Wings ,0,0,1,https://s3-media4.fl.yelpcdn.com/bphoto/9BrvCS1j3sL_A1FsDOSVwQ/o.jpg
Itll Do 2,600 S Washington St,61953,Dive Bars American (Traditional) ,0,0,0,
Bo Bo China,404 E Green St,61820,Chinese ,0,0,1,https://s3-media2.fl.yelpcdn.com/bphoto/K_i80DLSxZQSefPZtpFaLg/o.jpg
McDonald's,801 S Sangamon,60936,Burgers Fast Food Coffee & Tea ,0,0,1,https://s3-media2.fl.yelpcdn.com/bphoto/pa3zyg0VujpeuRO-s8QEbA/o.jpg
Bar-B-Q Heaven,,61820,Barbeque Street Vendors ,0,0,0,https://s3-media2.fl.yelpcdn.com/bphoto/D4kLeTYHueQTOwoyJoF5Iw/o.jpg
Culver's,903 W Marketview Dr,61822,Burgers Ice Cream & Frozen Yogurt Fast Food ,0,0,1,https://s3-media3.fl.yelpcdn.com/bphoto/efnQvE9F1znlZbZa-OOgNA/o.jpg
Rosati's Pizza,701 S Gregory St,61801,Pizza ,0,0,1,https://s3-media2.fl.yelpcdn.com/bphoto/zyWBeYkID0UmDvQkzNzjZQ/o.jpg
The Y Eatery,1001 S Wright St,61820,Thai ,0,0,1,https://s3-media1.fl.yelpcdn.com/bphoto/snb1NCj0iMjs2Sb16Lh88w/o.jpg
Arby's,760 W Champaign Ave,61866,Fast Food Sandwiches ,0,0,1,https://s3-media1.fl.yelpcdn.com/bphoto/1JIsWLmFTlu6v2-1I8wydg/o.jpg
El Toro,1668 E Grove Ave,61866,Mexican ,0,0,2,https://s3-media1.fl.yelpcdn.com/bphoto/0nhrAVb3lb9rBhUUVqqUjA/o.jpg
El Progreso Tienda Y,1017 W Bloomington Rd,61821,Mexican Meat Shops ,0,0,0,https://s3-media3.fl.yelpcdn.com/bphoto/bk2IGaY0iOzmmpeOGPuUWA/o.jpg
Ingolds Grocery,101 S Third St,61843,Grocery ,0,0,2,
Auntie Lee's Chinese Kitchen,49 E Green St,61820,Chinese ,0,0,2,https://s3-media1.fl.yelpcdn.com/bphoto/0slOtpIEfZyfpk2reY_lng/o.jpg
Casey's General Store,300 S Century Blvd,61866,Convenience Stores ,0,0,0,
Chinatown Chinese Restaurant,206 E Southline Rd,61953,Chinese Buffets ,0,0,2,https://s3-media2.fl.yelpcdn.com/bphoto/qnLYsD-8_Z2HNZYM8Jihqw/o.jpg
Asian Supermarket,1215 N Prospect Ave,61820,International Grocery ,0,0,1,https://s3-media2.fl.yelpcdn.com/bphoto/CaOY0kO2mEm7pdH7IFSbTQ/o.jpg
Red Robin Gourmet Burgers and Brews,2010 N Neil St,61820,Burgers American (Traditional) ,0,0,2,https://s3-media2.fl.yelpcdn.com/bphoto/cvKckOm-VIXSRRbRxDm-Cw/o.jpg
El Progreso,501 N Cunningham Ave,61802,Grocery ,0,0,1,
Curtis Orchard & Pumpkin Patch,3902 S Duncan Rd,61822,American (Traditional) Grocery Organic Stores ,0,0,2,https://s3-media1.fl.yelpcdn.com/bphoto/bp0eWCPpvh089jnhlRqchA/o.jpg
Buffalo Wild Wings,907 W Marketview Dr,61822,American (Traditional) Sports Bars Chicken Wings ,0,0,2,https://s3-media3.fl.yelpcdn.com/bphoto/7GFb3TYSig4MKJfuGg9JjQ/o.jpg
Flatlander Chocolate,,,Chocolatiers & Shops ,0,0,2,
Green Onion,2020 S Neil St,61820,Imported Food ,0,0,1,https://s3-media3.fl.yelpcdn.com/bphoto/FMTaeUHH89MkehJUfXrepw/o.jpg
Caffe Bene,524 E Green St,61820,Coffee & Tea ,0,0,2,https://s3-media1.fl.yelpcdn.com/bphoto/EkNNWB3_ULdjx5s5w4BKxQ/o.jpg
Columbia Street Roastery By Herriott's,24 Columbia St,61820,Coffee Roasteries ,0,0,2,https://s3-media3.fl.yelpcdn.com/bphoto/R3GJrgHe9J1WjPphM35ZiA/o.jpg
Fat City Bar and Grill,505 S Chestnut St,61820,"Sports Bars Beer, Wine & Spirits ",0,0,2,https://s3-media2.fl.yelpcdn.com/bphoto/QOYhx4hBL2AJxFCKDwQNAQ/o.jpg
Guido's Bar & Grill,2 E Main St,61820,Bars American (Traditional) ,0,0,2,https://s3-media3.fl.yelpcdn.com/bphoto/6Hp4kFH11RATDdEsXygnsw/o.jpg
Mono Loco,612 E Daniel St,61820,Tacos ,0,0,0,
Monical's Pizza,320 E Champaign St,61866,Pizza Italian ,0,0,2,https://s3-media1.fl.yelpcdn.com/bphoto/pDhmb6l62dd_vgfopDDY9Q/o.jpg
Aldi Grocery,3102 E University Ave,61802,Grocery ,0,0,1,https://s3-media1.fl.yelpcdn.com/bphoto/MnbN4z08UkaY4BjB4YKWIQ/o.jpg
Homer Vintage Bakery,111 S Main St,61849,Bakeries ,0,0,0,https://s3-media1.fl.yelpcdn.com/bphoto/pgrnlE3e-2DEwI_i0RTKRg/o.jpg
El Toro Mexican Restaurant,723 S Neil St,61820,Mexican ,0,0,1,https://s3-media4.fl.yelpcdn.com/bphoto/yn34c88bQlxjo3TuIRISgg/o.jpg
Rainbow Garden,202 E University,61801,Chinese ,0,0,2,https://s3-media2.fl.yelpcdn.com/bphoto/yk43tG2315g4fdKf_KxHoA/o.jpg
Houlihan's,1900 S 1st St,61820,American (New) Bars ,0,0,2,https://s3-media3.fl.yelpcdn.com/bphoto/u693Nn8RWNjiqpzEIjZgPA/o.jpg
Monical's Pizza,2720 Philo Rd,61802,Pizza Italian ,0,0,2,https://s3-media1.fl.yelpcdn.com/bphoto/_oDd4HJT1Zk8lLLDpzmnIg/o.jpg
The Empanadas House,404 E Green St,61820,Empanadas ,0,0,1,https://s3-media2.fl.yelpcdn.com/bphoto/WU2R7AgFvmZxQzlAN5coWg/o.jpg
Jupiter's Pizzeria and Billards,2511 Village Green Pl,61822,Pizza Pool Halls ,0,0,2,https://s3-media2.fl.yelpcdn.com/bphoto/JhhrG_XUoyICg6gJnrIndw/o.jpg
Vinny's By The Slice & More,50 E Green St,61820,Pizza ,0,0,2,https://s3-media2.fl.yelpcdn.com/bphoto/PGHbAlwjd9WNOZH6G2KXsw/o.jpg
Panera Bread,616 E Green St,61820,Sandwiches Salad Soup ,0,0,2,https://s3-media1.fl.yelpcdn.com/bphoto/OX7cQdy7zRady4se988Ckg/o.jpg
County Market,2901 W Kirby Ave,61821,Bakeries Grocery Meat Shops ,0,0,2,https://s3-media1.fl.yelpcdn.com/bphoto/ipW1LNt_UeZgA5ShnLt_Ww/o.jpg
Kam's,618 E Daniel St,61820,Comfort Food Pubs Sports Bars ,0,0,1,https://s3-media1.fl.yelpcdn.com/bphoto/_W3Gil9UA730QX24KGp_hA/o.jpg
Ambar India,605 S Wright St,61820,Indian ,0,0,2,https://s3-media1.fl.yelpcdn.com/bphoto/6TWYRmIizwL0eEZirWPWjA/o.jpg
Mahomet Iga,202 Eastwood Dr,61853,Bakeries Grocery ,0,0,3,https://s3-media1.fl.yelpcdn.com/bphoto/wslgKSWG35BsUprd4yqelw/o.jpg
Jet's Pizza,1907 W Springfield Ave,61821,Pizza ,0,0,1,https://s3-media4.fl.yelpcdn.com/bphoto/6vBBRDrLfGKnrKahgIx5ag/o.jpg
China King,2145 S Neil St,61820,Chinese ,0,0,1,https://s3-media3.fl.yelpcdn.com/bphoto/pTxnev2rj31mgmffX6J77g/o.jpg
Chipotle Mexican Grill,528 E Green St,61820,Mexican Fast Food ,0,0,1,https://s3-media3.fl.yelpcdn.com/bphoto/NX0zVI3_mWg5tx8McPsyNA/o.jpg
Dairy Queen,601 E Oak St,61853,Ice Cream & Frozen Yogurt Fast Food ,0,0,1,https://s3-media3.fl.yelpcdn.com/bphoto/4vyCbsoCu8RvrCAdYhRI3A/o.jpg
Intermezzo Café,500 S Goodwin Ave,61801,Bakeries American (Traditional) ,0,0,1,https://s3-media3.fl.yelpcdn.com/bphoto/Oci5jby6gql7xNxWQybHBA/o.jpg
Panda Express,627 S Wright St,61820,Chinese Fast Food ,0,0,2,https://s3-media3.fl.yelpcdn.com/bphoto/4bv1UepfRw8KnkG2RaJBjw/o.jpg
Dairy Queen Grill & Chill,911 W University,61801,Fast Food Ice Cream & Frozen Yogurt ,0,0,1,https://s3-media3.fl.yelpcdn.com/bphoto/FHnsr5BTTmUZKfvYpIAMPA/o.jpg
Array Cafe,1206 W Gregory Dr,61801,Cafes ,0,0,0,https://s3-media3.fl.yelpcdn.com/bphoto/8C9UI2a9ljhkg8tzXBaudQ/o.jpg
Murphy's Pub,604 E Green St,61820,Pubs American (New) ,0,0,1,https://s3-media2.fl.yelpcdn.com/bphoto/WtfY3BE_thsKQGFUxzQtPw/o.jpg
Jimmy John's,43 East Green St,61820,Sandwiches Delis Fast Food ,0,0,1,https://s3-media4.fl.yelpcdn.com/bphoto/--NIG4QKryXPJPu05Nii6g/o.jpg
Denny's,1104 Tuscola Blvd,61953,Diners American (Traditional) Breakfast & Brunch ,0,0,2,https://s3-media4.fl.yelpcdn.com/bphoto/keMQi5h7smOzTUncIcsgKA/o.jpg
Sarku Japan,2000 N Neil St,61820,Japanese ,0,0,1,https://s3-media4.fl.yelpcdn.com/bphoto/YHgJNoR58Z7ekKL6pSQfGA/o.jpg
O'Charley's Restaurant & Bar,730 W Town Center Blvd,61822,American (Traditional) Burgers Southern ,0,0,2,https://s3-media3.fl.yelpcdn.com/bphoto/4B2YG_ewyf0SgsvA1BGYsw/o.jpg
Culver's,201 W University Ave,61801,Burgers Ice Cream & Frozen Yogurt Fast Food ,0,0,0,https://s3-media3.fl.yelpcdn.com/bphoto/g-dqsiubQhw4EDwo0yECpA/o.jpg
Steeple Coffee House,102 E Lafayette St,61856,Coffee & Tea ,0,0,2,https://s3-media3.fl.yelpcdn.com/bphoto/f7QO-ToQK1IL45mXSGTc6w/o.jpg
Friar Tuck Beverage,1333 Savoy Plaza Ln,61874,"Beer, Wine & Spirits ",0,0,2,https://s3-media2.fl.yelpcdn.com/bphoto/z2iLX8Kv7kyFp89IVWT6Ug/o.jpg
Wingstop,512 S Neil St,61820,Chicken Wings ,0,0,2,https://s3-media4.fl.yelpcdn.com/bphoto/58xSSewqqP4CqGzwGMAN1Q/o.jpg
Tia’s Chicken Box,1233 E Grove Ave,61866,Chicken Shop ,0,0,0,https://s3-media1.fl.yelpcdn.com/bphoto/A4X9Na87D6JjBlnbb2mO2Q/o.jpg
Einstein Bros Bagels,803 W Anthony Dr,61822,Breakfast & Brunch Bagels ,0,0,1,https://s3-media3.fl.yelpcdn.com/bphoto/609H0UiEZy-kbJ_FMuPgdg/o.jpg
Hooters,1706 State St,61820,American (Traditional) Sports Bars Chicken Wings ,0,0,2,https://s3-media1.fl.yelpcdn.com/bphoto/7duc_ISRZ8I1EYzfVOtCNg/o.jpg
McDonald's,616 E Green St,61820,Coffee & Tea Burgers Fast Food ,0,0,1,https://s3-media2.fl.yelpcdn.com/bphoto/yflMly3huWWRzqcec7HAXw/o.jpg
County Market Discount Foods,220 N Broadway Ave,61801,Bakeries ,0,0,0,
Am-Ko Oriental Foods & Gifts,101 E Springfield Ave,61820,Grocery ,0,0,2,https://s3-media1.fl.yelpcdn.com/bphoto/98TWRvQnhKqIBgB87GcSRQ/o.jpg
Kaffee Mahomet,202 Eastwood Dr,61853,Coffee & Tea Gift Shops Internet Cafes ,0,0,1,https://s3-media4.fl.yelpcdn.com/bphoto/hm7OD_brsRpbTSHTTvH_cw/o.jpg
Wedding Cakes by Rosie,2128 County Rd 900 E,61822,Bakeries ,0,0,2,https://s3-media2.fl.yelpcdn.com/bphoto/_S1P6356ZbUWCTg2p5-Sbg/o.jpg
Casey's General Store,500 W Central Ave,61878,Convenience Stores Pizza Gas Stations ,0,0,1,https://s3-media3.fl.yelpcdn.com/bphoto/hxHFsRzf_P44jmmtYzzAvg/o.jpg
Garcia's Pizza In A Pan,313 N Mattis Ave,61821,Pizza ,0,0,1,https://s3-media4.fl.yelpcdn.com/bphoto/yKdLSElh4uVcilveD9MgbA/o.jpg
Legends,522 E Green St,61820,Bars Sandwiches ,0,0,1,https://s3-media3.fl.yelpcdn.com/bphoto/Qa5cc-J0p8Cxf54b-ephRQ/o.jpg
Sol Del Mar,105 W Southline,61953,Bars Mexican ,0,0,1,https://s3-media2.fl.yelpcdn.com/bphoto/iRZoXApespYSfOiPG6bvKQ/o.jpg
Monical's Pizza,205 N Mattis,61821,Pizza Italian ,0,0,2,https://s3-media3.fl.yelpcdn.com/bphoto/swCMk9REzjsPHV0ERSKoXw/o.jpg
Lambos BP,1000 E Southline Rd,61953,Gas Stations Convenience Stores ,0,0,1,https://s3-media1.fl.yelpcdn.com/bphoto/dsHJy4-pZogIkKESdX9lZw/o.jpg
Panera Bread,1765 W Kirby Ave,61821,Sandwiches Salad Soup ,0,0,2,https://s3-media3.fl.yelpcdn.com/bphoto/p0TRy76qitYfnTJMnnx9cw/o.jpg
Subway,616 E Green St,61820,Fast Food Sandwiches ,0,0,1,https://s3-media2.fl.yelpcdn.com/bphoto/vEPK2RvksN7dR4zDrwUsMA/o.jpg
Latea Bubble Tea Lounge,601 S 6th St,61820,Desserts Bubble Tea ,0,0,1,https://s3-media3.fl.yelpcdn.com/bphoto/gYmnpYDeTKn4lL7Q4o-GkA/o.jpg
Kato's Cajun,,61820,Cajun/Creole ,0,0,2,https://s3-media2.fl.yelpcdn.com/bphoto/KVnF0iaOg1AKD0hNh8mV7w/o.jpg
Far East,105 S 5th St,61820,International Grocery ,0,0,1,https://s3-media2.fl.yelpcdn.com/bphoto/--nklsv9yBLgNZio3STXHg/o.jpg
Hardee's,1201 N Mattis Ave,61821,American (New) ,0,0,1,https://s3-media3.fl.yelpcdn.com/bphoto/3rnRxATnV3qEzYSiOCmk6Q/o.jpg
Walnut Street Tea,115 S Walnut St,61820,Coffee & Tea Herbs & Spices ,0,0,2,https://s3-media3.fl.yelpcdn.com/bphoto/oT3OmhetTqgLt4ZRAtzqKA/o.jpg
710 Mart,710 S Goodwin Ave,61801,Convenience Stores ,0,0,0,
Five Guys,901 B West Anthony Dr,61821,Burgers Fast Food ,0,0,1,https://s3-media4.fl.yelpcdn.com/bphoto/bmCVo9gbJI6ieXEHzvIJ-A/o.jpg
Pancheros Mexican Grill,102 E University Ave,61801,Mexican ,0,0,1,https://s3-media2.fl.yelpcdn.com/bphoto/7JNA1QFmjgDUjV6P24v0oA/o.jpg
Olive Garden Italian Restaurant,30 E Anthony Dr,61820,Italian Salad Soup ,0,0,2,https://s3-media4.fl.yelpcdn.com/bphoto/JV6R2HuZfwXS4EmF66WBYw/o.jpg
Great American Grill,1501 S Neil St,61820,American (Traditional) ,0,0,0,
Pia's Sports Bar & Grill,1609 W Springfield Ave,61821,Venues & Event Spaces Sports Bars American (Traditional) ,0,0,1,https://s3-media2.fl.yelpcdn.com/bphoto/_lcu8X8UuoLPt2mgXeTKsQ/o.jpg
Binny's Beverage Depot,802 Town Center Blvd,61822,"Tobacco Shops Beer, Wine & Spirits ",0,0,2,https://s3-media2.fl.yelpcdn.com/bphoto/Es023vManHodiHb68bT0gw/o.jpg
Steak ’n Shake,2010 N Prospect Ave,61822,Fast Food Burgers American (Traditional) ,0,0,1,https://s3-media3.fl.yelpcdn.com/bphoto/F9YLApAgzElHZQ_mVqKg5Q/o.jpg
Casey's General Store,301 S Market St,61856,Pizza Gas Stations Convenience Stores ,0,0,0,
Schnucks Urbana,200 N Vine,61802,Grocery ,0,0,2,https://s3-media2.fl.yelpcdn.com/bphoto/LoRmTItY8uyabDNwf-kftQ/o.jpg
Denny's,702 W Town Center Blvd,61822,Diners Breakfast & Brunch American (Traditional) ,0,0,1,https://s3-media1.fl.yelpcdn.com/bphoto/VnnxsmkHZqLqDdSbmfah7w/o.jpg
Smoothie King,1904 S Neil St,61820,Juice Bars & Smoothies Health Markets ,0,0,2,https://s3-media2.fl.yelpcdn.com/bphoto/NIh7wUwZTmqMRJFLv7PfOQ/o.jpg
Fazoli's,2029 N Prospect Ave,61821,Italian ,0,0,1,https://s3-media4.fl.yelpcdn.com/bphoto/0AoN2MlsMDIn649cTOGgPQ/o.jpg
Annapurna Stores,505 S Neil St,61820,Grocery ,0,0,2,https://s3-media4.fl.yelpcdn.com/bphoto/crKHjoivvcjoEF8b_z_QNw/o.jpg
Szechuan China,401 S 1st St,61820,Szechuan ,0,0,2,https://s3-media4.fl.yelpcdn.com/bphoto/Otmu_MULrsKDTMhS0OZ_Gg/o.jpg
Ashar African Market,510 N Cunningham Ave,61802,Grocery Convenience Stores ,0,0,0,
Panda Express,2521 N Prospect Ave,61822,Chinese Fast Food ,0,0,1,https://s3-media4.fl.yelpcdn.com/bphoto/0klZA-PjG8oeNwZO6ZErRQ/o.jpg
Espresso Royale,2401 Village Green Pl,61822,Coffee & Tea Cafes ,0,0,1,https://s3-media1.fl.yelpcdn.com/bphoto/c3mjt0-rhRcUDR1aPGbU2g/o.jpg
Monical's Pizza,102 W Vine St,61880,Pizza Italian ,0,0,0,https://s3-media3.fl.yelpcdn.com/bphoto/LL1TEJEqthppXEDqadBxfg/o.jpg
The New Sweet Indulgence,1121 Windsor Rd,61821,Bakeries ,0,0,2,https://s3-media2.fl.yelpcdn.com/bphoto/2J4-6W7-wUUFAMUhrAR6OA/o.jpg
Maligaya's Store,2410 W Springfield Ave,61821,Grocery ,0,0,0,
Alto Vineyards,4210 N Duncan Rd,61822,Wineries Venues & Event Spaces ,0,0,2,https://s3-media1.fl.yelpcdn.com/bphoto/D6IP3OTwxzVJJTIH-8aBEA/o.jpg
Walmart Supercenter,505 S Dunlap Ave,61874,Grocery Department Stores ,0,0,1,https://s3-media1.fl.yelpcdn.com/bphoto/M9NSBgwOClA6uF0DRmxQ9A/o.jpg
Shooters Bar & Grill,215 S Tanner St,61866,American (Traditional) Bars ,0,0,1,
Monical's Pizza,900 S Court St,61953,Pizza ,0,0,2,https://s3-media1.fl.yelpcdn.com/bphoto/HAkQ9nT7VWRdmMW74Ft1QQ/o.jpg
Monical's Pizza,114 S Lombard St,61853,Pizza Italian Sandwiches ,0,0,2,https://s3-media3.fl.yelpcdn.com/bphoto/4rSHAkceOeckaXTeUezXog/o.jpg
ChinaTown Buffet,713 W Marketview Dr,61822,Chinese Buffets Sushi Bars ,0,0,2,https://s3-media2.fl.yelpcdn.com/bphoto/afLkxABG1M5cE9711HHBkg/o.jpg
Beckman Cafe,405 N Mathews Ave,61801,Cafeteria ,0,0,1,https://s3-media2.fl.yelpcdn.com/bphoto/sCH-5ZNm_t3m-Gfzd1T52A/o.jpg
Wood N’ Hog Barbeque,101 W University Ave,61801,Barbeque ,0,0,0,https://s3-media2.fl.yelpcdn.com/bphoto/7azYVQdCF84t59EQqMwQAQ/o.jpg
Campus Burger,2000 N Neil St,61820,American (Traditional) Burgers ,0,0,0,https://s3-media2.fl.yelpcdn.com/bphoto/RRBBCD11K2PpA2aWNpyh6w/o.jpg
City Girl Yogurt,202 E University Ave,61801,Ice Cream & Frozen Yogurt ,0,0,2,https://s3-media2.fl.yelpcdn.com/bphoto/iz0IptwAvjtddwFXP4Jd7g/o.jpg
Red Lobster,1901 N Prospect Ave,61822,Seafood American (Traditional) ,0,0,2,https://s3-media4.fl.yelpcdn.com/bphoto/U82KjyKSRAGvqjggLgvS5Q/o.jpg
China Garden,114 N Vine St,61802,Chinese ,0,0,1,https://s3-media2.fl.yelpcdn.com/bphoto/ol1aP-7mz3vMELq2GiI5OA/o.jpg
Tortica's Grill,408 W Green St,61820,Mexican ,0,0,1,https://s3-media2.fl.yelpcdn.com/bphoto/qapZQfxFBZjRuz9RHBBDBQ/o.jpg
TGI Fridays,103 W Marketview Dr,61820,American (Traditional) ,0,0,2,https://s3-media3.fl.yelpcdn.com/bphoto/reD9pmOp0LWyXuVanajQdw/o.jpg
Smoothie King,1912A Round Barn Rd,61821,Juice Bars & Smoothies Health Markets ,0,0,2,https://s3-media1.fl.yelpcdn.com/bphoto/fmOV-uqO9rMXjdyB5ATjZw/o.jpg
Tsaocaa,608 S 6th St,61820,Bubble Tea Coffee & Tea Juice Bars & Smoothies ,0,0,0,https://s3-media4.fl.yelpcdn.com/bphoto/ONABcbwXZOz0qhrGh9fodQ/o.jpg
Cocomero,709 S Wright St,61820,Ice Cream & Frozen Yogurt Bubble Tea Desserts ,0,0,1,https://s3-media2.fl.yelpcdn.com/bphoto/EFE3DGgEK24Auh6Na9hMUQ/o.jpg
Country Gardens Restaurant & Pancake House,1050 W Ottowa St,60957,Breakfast & Brunch ,0,0,2,https://s3-media1.fl.yelpcdn.com/bphoto/pgnWBYtp_dQHIUEIKG8HOQ/o.jpg
Hardee's,451 W Ottawa Rd,60957,Fast Food ,0,0,1,https://s3-media3.fl.yelpcdn.com/bphoto/ATxQHUB8dLHir0oehFYeNg/o.jpg
Sonic Drive-In,601 N Mattis Ave,61821,Fast Food Burgers Ice Cream & Frozen Yogurt ,0,0,1,https://s3-media4.fl.yelpcdn.com/bphoto/6Xhs0407ZFs18FS7hMoFvA/o.jpg
Joe's Brewery,706 S 5th St,61820,Bars Burgers American (Traditional) ,0,0,1,https://s3-media3.fl.yelpcdn.com/bphoto/qnxLMbBxs0yaScXIFKOa2g/o.jpg
Monical's Pizza,314 E 1st St,60936,Pizza Italian Sandwiches ,0,0,2,https://s3-media1.fl.yelpcdn.com/bphoto/yKwFM8Mun4SKQyZtif5_Bg/o.jpg
Monical's Pizza,703 N 3rd St,61873,Pizza Italian Sandwiches ,0,0,3,https://s3-media3.fl.yelpcdn.com/bphoto/m8F9o24UnP5ihp8FTA090A/o.jpg
Monical's Pizza,500 W Ottawa St,60957,Pizza Italian ,0,0,2,https://s3-media1.fl.yelpcdn.com/bphoto/byc8uLAeLwVg1R2QAUzuLQ/o.jpg
Cookies by Design,902 Meijer Dr,61822,Bakeries Desserts ,0,0,0,https://s3-media1.fl.yelpcdn.com/bphoto/ZCcREuHGzFykj6lYgPmCpA/o.jpg
LongHorn Steakhouse,2101 N Prospect Ave,61822,Steakhouses American (Traditional) Barbeque ,0,0,2,https://s3-media3.fl.yelpcdn.com/bphoto/n0fDZTwFaByQYJP7dpxvyA/o.jpg
Harry and David,Factory Stores at Tuscola,61953,Specialty Food Flowers & Gifts ,0,0,2,https://s3-media3.fl.yelpcdn.com/bphoto/h-hgUeNSem0YaD2EJFHHCg/o.jpg
Outback Steakhouse,2402 N Prospect Ave,61822,Steakhouses ,0,0,2,https://s3-media3.fl.yelpcdn.com/bphoto/D_h94YP3uEXtu7YjL7h7nA/o.jpg
Strawberry Fields,306 W Springfield Ave,61801,Organic Stores Bakeries Vitamins & Supplements ,0,0,2,https://s3-media2.fl.yelpcdn.com/bphoto/oKCX3-Xr4SMC2DRGHLgIAA/o.jpg
Subway Restaurants,703 Eastwood Center Dr,61853,Sandwiches ,0,0,1,
Cream & Flutter,114 N Walnut St,61820,Coffee & Tea Cupcakes Ice Cream & Frozen Yogurt ,0,0,2,https://s3-media2.fl.yelpcdn.com/bphoto/xMz0gw9sZ3VE0IMF5qBXzQ/o.jpg
Mirsung,49 E Green St,61820,Grocery Indian ,0,0,1,https://s3-media3.fl.yelpcdn.com/bphoto/JMDK6RZ_6WbdID0KBH4p_Q/o.jpg
McDonald's,1605 S Neil,61820,Burgers Fast Food Coffee & Tea ,0,0,1,https://s3-media4.fl.yelpcdn.com/bphoto/_MRVMmWUy3r0zI6NfJaB4A/o.jpg
Culver's,2302 S Neil St,61820,Burgers Ice Cream & Frozen Yogurt Fast Food ,0,0,1,https://s3-media2.fl.yelpcdn.com/bphoto/62OEZRMoRo5G32kxBNlmAg/o.jpg
Piato To Go,,61801,Food Trucks ,0,0,2,https://s3-media3.fl.yelpcdn.com/bphoto/JXEgT2bQr_KC2O2-griFJw/o.jpg
Chang's Oriental Mart,505 S Neil St,61820,Grocery ,0,0,2,
Taco Bell,1707 S. Neil Street,61820,Fast Food Mexican Tex-Mex ,0,0,1,https://s3-media3.fl.yelpcdn.com/bphoto/cBKW-YMdIlqCSvYFXMO1tg/o.jpg
Sonic Drive-In,101 Calvin St,61874,Fast Food Burgers Ice Cream & Frozen Yogurt ,0,0,1,https://s3-media3.fl.yelpcdn.com/bphoto/4tK1NWiG0JdSeDkNbKMOgw/o.jpg
Jimmy John's,1801 W Springfield Ave,61821,Delis Sandwiches Fast Food ,0,0,1,https://s3-media3.fl.yelpcdn.com/bphoto/2xa0mgK3EBA19wtoJv-vHw/o.jpg
Bob Evans,1813 N Neil St,61820,Breakfast & Brunch American (Traditional) Comfort Food ,0,0,1,https://s3-media2.fl.yelpcdn.com/bphoto/8TEFWpRJeflIHly4s_Y4WQ/o.jpg
Bombay Market,1726 W Bradley Ave,61821,Grocery ,0,0,0,https://s3-media3.fl.yelpcdn.com/bphoto/lreDhWde1zMV0X3iLdCUWw/o.jpg
Espresso Royale,1117 W Oregon St,61801,Coffee & Tea ,0,0,2,https://s3-media3.fl.yelpcdn.com/bphoto/5K5QSY2QFBZs-ycpo5y0CA/o.jpg
Jimmy John's,1811 West Kirby Ave,61821,Sandwiches Delis Fast Food ,0,0,1,https://s3-media2.fl.yelpcdn.com/bphoto/FX_lQCZKP303Gs6GEMAQAQ/o.jpg
Applebee's Grill + Bar,1201 N Dunlap Ave,61874,American (Traditional) Sports Bars Burgers ,0,0,2,https://s3-media2.fl.yelpcdn.com/bphoto/KWTElJCNrRQBYXeTORnIIg/o.jpg
Wendy's,505 N Cunningham,61802,Fast Food Burgers ,0,0,1,https://s3-media2.fl.yelpcdn.com/bphoto/4Xow3q2UaXENv91cYlydcg/o.jpg
KFC,2201 W Springfield Ave,61821,Fast Food Chicken Wings Chicken Shop ,0,0,1,https://s3-media1.fl.yelpcdn.com/bphoto/5vOp_Ipi495-TRFv4X-RaQ/o.jpg
Burger King,1325 N Dunlap Ave,61874,Burgers Fast Food ,0,0,1,https://s3-media4.fl.yelpcdn.com/bphoto/gPrn6ecOCtUn5xfbeTyZLA/o.jpg
La Panaderia,1405 S Neil St,61820,Bakeries ,0,0,1,
Subway Restaurants,220 E Warren St,61873,Sandwiches ,0,0,1,
Hardee's,309 N Market St,61856,Fast Food ,0,0,1,https://s3-media1.fl.yelpcdn.com/bphoto/c1KeDmtJGPdMXORlmoXgAg/o.jpg
The Scoop,20 S Main St,61956,Ice Cream & Frozen Yogurt Juice Bars & Smoothies ,0,0,0,https://s3-media2.fl.yelpcdn.com/bphoto/okpO7vBt7wZODBauskDLwA/o.jpg
Insomnia Cookies,502 E John St,61820,Desserts Bakeries ,0,0,2,https://s3-media3.fl.yelpcdn.com/bphoto/ANB7DTcVez_WB5F9xell6w/o.jpg
Domino's Pizza,1803 W Kirby Ave,61821,Pizza Chicken Wings Sandwiches ,0,0,1,https://s3-media2.fl.yelpcdn.com/bphoto/R-0CzxV_KDNrT218IeWFGQ/o.jpg
C-U LaLa Noodle,410 E Green St,61820,Noodles Chinese ,0,0,0,https://s3-media3.fl.yelpcdn.com/bphoto/Ei0J61Z-GIcpYnZXZJVrVg/o.jpg
Arcade Cafe,132 N Market St,60957,Breakfast & Brunch American (Traditional) Mexican ,0,0,1,https://s3-media2.fl.yelpcdn.com/bphoto/VwpvR0Ncc_Y3ZD-DITwDxg/o.jpg
Blaze Fast-Fire'd Pizza,1401 W Green St,61801,Salad Fast Food Pizza ,0,0,0,https://s3-media1.fl.yelpcdn.com/bphoto/qqJrDCafdi99JS6Fygxc7g/o.jpg
Circle K,810 W Green St,61801,Convenience Stores Gas Stations ,0,0,1,https://s3-media3.fl.yelpcdn.com/bphoto/fTZ16gWVPixNvwc1hXHeVA/o.jpg
Walgreens,1509 S Neil St,61820,Drugstores Cosmetics & Beauty Supply Convenience Stores ,0,0,2,https://s3-media2.fl.yelpcdn.com/bphoto/N6IBZsSt-PzIUsiZQPx50g/o.jpg
El Toro #2,1668 E Grove Ave,61866,Mexican ,0,0,2,
Walmart Supercenter,845 Broadmeadow Rd,61866,Department Stores Grocery ,0,0,2,https://s3-media2.fl.yelpcdn.com/bphoto/9_fDq1llqFBVMv-wEpRYpw/o.jpg
Pizza Hut,1110 Tuscola Blvd,61953,Pizza Italian Chicken Wings ,0,0,1,https://s3-media3.fl.yelpcdn.com/bphoto/gCPlLvoqsX_gEFT-Ow8fNA/o.jpg
Alexander Drake's Catering,,61820,Food Trucks Caterers ,0,0,2,
Manzellas Italian Restaurant,115 S 1st St,61820,Venues & Event Spaces Italian ,0,0,0,https://s3-media3.fl.yelpcdn.com/bphoto/4HpFEnc3E0rXGR8R0AwGgg/o.jpg
Piccadilly,601 S 1st St,61820,"Beer, Wine & Spirits ",0,0,0,https://s3-media3.fl.yelpcdn.com/bphoto/FaNgmubPErFxsa6XbjK5Wg/o.jpg
KFC,410 University Ave,61801,Fast Food Chicken Wings Chicken Shop ,0,0,1,https://s3-media3.fl.yelpcdn.com/bphoto/7H14NC0nubq5_h3KD_7-sw/o.jpg
Mach 1,902 W Bloomington Rd,61821,Gas Stations Convenience Stores ,0,0,1,https://s3-media3.fl.yelpcdn.com/bphoto/EzzMPtxdTfbdIKZ4MpTU0g/o.jpg
Panera Bread,1903 Convenience Pl,61820,Sandwiches Salad Soup ,0,0,2,https://s3-media4.fl.yelpcdn.com/bphoto/jjq4IXHVMfa7dP1FZaZAIQ/o.jpg
Subway Restaurants,1 Centennial Dr,60957,Sandwiches ,0,0,1,
Taco Bell,1003 University,61801,Mexican Tex-Mex Fast Food ,0,0,1,https://s3-media3.fl.yelpcdn.com/bphoto/HrmDDdfLLSqs6VOG0cRd9w/o.jpg
Steak ’n Shake,2009 Kenyon Rd,61802,Burgers Fast Food American (Traditional) ,0,0,1,https://s3-media2.fl.yelpcdn.com/bphoto/vVQAopz_swiUYTIjsa1aSQ/o.jpg
Burrito King,902 W University Ave,61801,Mexican Food Trucks ,0,0,0,https://s3-media2.fl.yelpcdn.com/bphoto/cR4f6kMjzfGEBZVi8jK0SA/o.jpg
Jimmy John's,1511 North Prospect Ave,61821,Delis Sandwiches Fast Food ,0,0,1,
Mareci's Bakery,442 S Market St,60957,Bakeries Coffee & Tea Donuts ,0,0,0,https://s3-media3.fl.yelpcdn.com/bphoto/rIrX64hCMg1HsINZWitNEw/o.jpg
Panda Express,2000 N Neil St,61820,Fast Food Chinese ,0,0,1,https://s3-media2.fl.yelpcdn.com/bphoto/LjL3VYUtuPFT_I0C5UAKiA/o.jpg
Circle K,1301 S Neil St,61820,Gas Stations Convenience Stores ,0,0,1,https://s3-media2.fl.yelpcdn.com/bphoto/rW86-q6HLnj7czTroX6EtA/o.jpg
Ruler Foods,716 W Town Center Blvd,61822,Grocery ,0,0,1,https://s3-media4.fl.yelpcdn.com/bphoto/esLPyeR8NIu4OJskJT29Wg/o.jpg
Edible Arrangements,49 E Marketview Dr,61820,Chocolatiers & Shops Salad Juice Bars & Smoothies ,0,0,3,https://s3-media2.fl.yelpcdn.com/bphoto/2DMfvb5mTjPYJW0RQI_DLA/o.jpg
Dunkin',2006 W Springfield Ave,61821,Donuts Coffee & Tea ,0,0,0,https://s3-media3.fl.yelpcdn.com/bphoto/eaUcpMg6MUGHM2aNr9pc5g/o.jpg
Salt and Light Ministries,1819 S Philo Rd,61802,Grocery Thrift Stores Community Service/Non-Profit ,0,0,0,
Jimmy John's,102 E University Ave,61801,Sandwiches Delis Fast Food ,0,0,1,https://s3-media1.fl.yelpcdn.com/bphoto/YgpFVmX5fU5z4l4IKUccog/o.jpg
Great Steak,2000 N Neil St,61820,Sandwiches Cheesesteaks ,0,0,0,https://s3-media1.fl.yelpcdn.com/bphoto/8F8msngsStK5AFdt5l4P8A/o.jpg
Casey's General Store,585 S Market St,60957,Convenience Stores Donuts Pizza ,0,0,1,https://s3-media2.fl.yelpcdn.com/bphoto/JY7QXR_9zvR7KAP3d6nsxg/o.jpg
Casey's general store,805 South Sangamon Ave,60936,Gas Stations Convenience Stores Pizza ,0,0,0,https://s3-media1.fl.yelpcdn.com/bphoto/3XF-2susfjMcj6xmcqj5ug/o.jpg
Shanghai 1938,200 S Matthews,61801,Chinese ,0,0,2,https://s3-media2.fl.yelpcdn.com/bphoto/ulSyoc-m6_1926kYxJ9MiQ/o.jpg
Sam’s Club,915 W. Marketview Dr.,61821,Department Stores Grocery Wholesale Stores ,0,0,2,https://s3-media3.fl.yelpcdn.com/bphoto/WnoqVE-vBRlz9d1-hmcWYA/o.jpg
Casey's General Store,500 N Century Blvd,61866,Convenience Stores ,0,0,1,
Meijer,2401 N Prospect Ave,61821,Grocery ,0,0,2,https://s3-media3.fl.yelpcdn.com/bphoto/HcaHCglQS9r8xzGows2t1w/o.jpg
Walmart Supercenter,100 S High Cross Rd,61802,Grocery Department Stores ,0,0,3,https://s3-media1.fl.yelpcdn.com/bphoto/NB5dIMISB1WDq4y6bIYKDw/o.jpg
Casey's General Store,2100 E University Ave,61802,Convenience Stores ,0,0,0,https://s3-media4.fl.yelpcdn.com/bphoto/pHvx5Hb3zm9N9iQF5veECA/o.jpg
Papa Murphy's,114 North Vine Street,61802,Pizza ,0,0,1,https://s3-media1.fl.yelpcdn.com/bphoto/GE_SRXejvPpHEjnYgz1Q5Q/o.jpg
Ruler Foods,2002 W Springfield Ave,61821,Grocery ,0,0,0,https://s3-media4.fl.yelpcdn.com/bphoto/R0ZI2TmMVOaoMerB2hCQpQ/o.jpg
Aldi,605 N Dunlap St,61874,"Grocery Beer, Wine & Spirits Meat Shops ",0,0,0,
Taco Bell,1910 West Springfield,61821,Mexican Tex-Mex Fast Food ,0,0,1,https://s3-media3.fl.yelpcdn.com/bphoto/roKNrE8YzQwEeUGfD82h2w/o.jpg
Monical's Pizza,707 W Bridge St,61856,Pizza Italian ,0,0,2,https://s3-media3.fl.yelpcdn.com/bphoto/MMwTCMj5v4st0Hf56l6ioA/o.jpg
The Second Cup,336 S Century Blvd,61866,Coffee & Tea ,0,0,0,https://s3-media4.fl.yelpcdn.com/bphoto/PL_8kjl6OIeTg1487pfWbg/o.jpg
Road Ranger,4910 N Market St,61822,Convenience Stores Gas Stations ,0,0,1,https://s3-media2.fl.yelpcdn.com/bphoto/BwKMO-KP-5o8gge-fNCxRA/o.jpg
Illini Meat,811 S Glover Ave,61802,Seafood Markets Meat Shops ,0,0,0,
Subway Restaurants,1319 Dunlap,61874,Sandwiches ,0,0,1,https://s3-media3.fl.yelpcdn.com/bphoto/H0tDUKt1Kq4H-_ZALPVxhA/o.jpg
China Express,1235 E Grove Ave,61866,Chinese ,0,0,2,https://s3-media2.fl.yelpcdn.com/bphoto/ZK4BT9qATaq0NBk6mPTQCQ/o.jpg
Nanjing Bistro,508 E Green St,61820,Chinese ,0,0,0,https://s3-media4.fl.yelpcdn.com/bphoto/tcwEe2JyHWdx2RZzYla1KQ/o.jpg
County Market,415 E 1st St,60936,Grocery ,0,0,2,
Campus Pantry,112 E Green St,61820,"Beer, Wine & Spirits ",0,0,0,https://s3-media4.fl.yelpcdn.com/bphoto/hiVQq9yRsZlsOlZYUtARdg/o.jpg
Pizza Man,2758 E US Hwy 36,61942,Pizza Italian ,0,0,0,https://s3-media1.fl.yelpcdn.com/bphoto/EvRZ1k2Z_iJykhoqUx85uQ/o.jpg
Circle K,407-A N Dunlap,61874,Gas Stations Convenience Stores ,0,0,0,
Dairy Queen Grill & Chill,1100 E Southline Rd,61953,Fast Food Ice Cream & Frozen Yogurt ,0,0,1,https://s3-media2.fl.yelpcdn.com/bphoto/9ONeQJ1uKiq0wFkDWQ8ogw/o.jpg
Panda Express,106 E University Ave,61801,Chinese Fast Food ,0,0,0,https://s3-media4.fl.yelpcdn.com/bphoto/9MhUjXj5JlDI26dtSR1Cbg/o.jpg
Fannie May Fine Chocolates,402 S Neil,61820,Candy Stores Chocolatiers & Shops ,0,0,2,https://s3-media4.fl.yelpcdn.com/bphoto/4qJIl5iZc3BYeIHHx1TzQA/o.jpg
Central Lean,114 S Market,60957,Meat Shops Cheese Shops Grocery ,0,0,2,
Dairy Queen,1501 Lyndhurst Aly,61874,Fast Food Ice Cream & Frozen Yogurt ,0,0,1,https://s3-media2.fl.yelpcdn.com/bphoto/eeW5uJGZ3wsEZkiGgpQJ_Q/o.jpg
The Office II,302 S Country Fair Dr,61821,Pubs American (Traditional) ,0,0,0,
Long John Silver's,1217 N Prospect,61820,Seafood Fast Food ,0,0,0,https://s3-media2.fl.yelpcdn.com/bphoto/mtD-Bdxyer5bsJ5uMYNj0A/o.jpg
Home Town Pantry,601 E Green St,61820,Convenience Stores ,0,0,2,
Illini Union Ballroom Dining,1404 W Green St,61801,American (Traditional) ,0,0,1,https://s3-media2.fl.yelpcdn.com/bphoto/ISQjNYXQEXi142K4_Vjt_w/o.jpg
Starbucks,2011 S. Neil St.,61820,Coffee & Tea ,0,0,2,https://s3-media3.fl.yelpcdn.com/bphoto/w43j1D-ppeSXW-Ryx_VKwg/o.jpg
Jimmy John's,101 Triple A Way,61953,Sandwiches Fast Food Delis ,0,0,1,https://s3-media4.fl.yelpcdn.com/bphoto/7DMU4It8FlsG5PoDPMZRQw/o.jpg
Country Thyme Tea Room and Catering,124 W State St,60957,Coffee & Tea Caterers ,0,0,1,https://s3-media4.fl.yelpcdn.com/bphoto/jN3eNwASzNKdGe6nd_vn_Q/o.jpg
Dairy Queen,1103 Klein Ave,61866,Ice Cream & Frozen Yogurt Fast Food ,0,0,1,https://s3-media2.fl.yelpcdn.com/bphoto/CodSAbx2yD7RRvJRA1wRYg/o.jpg
Froyo Factory,106 S Market St,61856,Ice Cream & Frozen Yogurt ,0,0,0,https://s3-media1.fl.yelpcdn.com/bphoto/8Se57DHuIQCnhId_evy3zQ/o.jpg
Starbucks,2102 N. Prospect Ave.,61822,Coffee & Tea ,0,0,0,https://s3-media3.fl.yelpcdn.com/bphoto/h8nu4XgXrw4dRhKawizO1Q/o.jpg
Schnucks Savoy,1301 Savoy Plaza Ctr,61874,Grocery ,0,0,2,https://s3-media3.fl.yelpcdn.com/bphoto/3bddUa1xMvediPbHYOpATA/o.jpg
County Market,331 E Stoughton St,61820,Grocery ,0,0,2,https://s3-media1.fl.yelpcdn.com/bphoto/RvMlDIf4dl4UoEPNVFv1bw/o.jpg
GFS,502 Wtown Center Blvd,61822,Grocery ,0,0,2,https://s3-media1.fl.yelpcdn.com/bphoto/siHg8zV_oUikjkYy5Odohg/o.jpg
Papa Murphy's,1753 W Kirby Ave,61821,Pizza ,0,0,1,https://s3-media2.fl.yelpcdn.com/bphoto/DvnBBAahXHek3pWSdL6CQw/o.jpg
Burger King,1106 West University Ave,61801,Fast Food Burgers ,0,0,1,https://s3-media2.fl.yelpcdn.com/bphoto/1rsKANon2HhRofbyUs8TJw/o.jpg
Papa John's Pizza,106 E Green St,61820,Pizza ,0,0,1,https://s3-media2.fl.yelpcdn.com/bphoto/pCCb2h80YGaaOYsiiIFo3Q/o.jpg
Pizza Hut,1317 Savoy Plaza Ln,61874,Pizza Italian Chicken Wings ,0,0,1,https://s3-media4.fl.yelpcdn.com/bphoto/ejgD8vm9RTZBRSxpwHJesw/o.jpg
Dunkin',515 S. Neil St,61820,Donuts Coffee & Tea ,0,0,1,https://s3-media1.fl.yelpcdn.com/bphoto/BnhqzjrSJF-9KXqUPdt0ag/o.jpg
Smoothie King,616 E Green St,61820,Juice Bars & Smoothies ,0,0,2,
Blaze Pizza,1401 W Green St,61801,Pizza ,0,0,0,
McDonald's,501 N Mattis,61821,Fast Food Burgers Coffee & Tea ,0,0,1,https://s3-media1.fl.yelpcdn.com/bphoto/BFl8Do__GDfjMp_aT_CoyA/o.jpg
McDonald's,2909 W Kirby Ave,61821,Burgers Fast Food Coffee & Tea ,0,0,1,https://s3-media1.fl.yelpcdn.com/bphoto/97NQVSORveOPISwQ8eM6iQ/o.jpg
Arby's,1502 N Prospect Ave,61820,Fast Food Sandwiches ,0,0,1,https://s3-media1.fl.yelpcdn.com/bphoto/vQOLwKTqAzns6nXPpxTeAA/o.jpg
Burger King,1708 Philo Rd,61802,Fast Food Burgers ,0,0,1,https://s3-media1.fl.yelpcdn.com/bphoto/UjzZYG4NuGG40EA6-7TB4g/o.jpg
Oberweis Ice Cream and Dairy Store,1905 S Neil St,61820,Ice Cream & Frozen Yogurt Juice Bars & Smoothies ,0,0,1,https://s3-media2.fl.yelpcdn.com/bphoto/nqY5c9_eglYOHsBaf01x2Q/o.jpg
McDonald's,711 W Champaign,61866,Burgers Fast Food Coffee & Tea ,0,0,1,https://s3-media1.fl.yelpcdn.com/bphoto/4QXZ5fUfyAwqai2MyGjv9Q/o.jpg
Quencher Smoothie's,2000 N Neil St,61820,Juice Bars & Smoothies ,0,0,0,
Derald's Cafe,540 E Pennsylvania Ave,61820,Cafes ,0,0,0,
Meijer,2500 S Philo Rd,61802,Grocery ,0,0,2,https://s3-media4.fl.yelpcdn.com/bphoto/A5WgV-YKXX4HAkINNfQ7uA/o.jpg
Circle K,601 N Neil St,61820,Convenience Stores Gas Stations ,0,0,0,https://s3-media2.fl.yelpcdn.com/bphoto/bUoFeOrHBtASMtpF-_TaDg/o.jpg
Subway Restaurants,10 N Sycamore St,61956,Sandwiches ,0,0,1,
Arby's,207 N Lombard St,61853,Fast Food Sandwiches ,0,0,1,https://s3-media1.fl.yelpcdn.com/bphoto/db97rSpWXVbgR4UQFVBU1A/o.jpg
Arby's,1913 W Springfield Ave,61821,Fast Food Sandwiches ,0,0,1,https://s3-media1.fl.yelpcdn.com/bphoto/oBqGlFPPlVJRtoeVbbTsQQ/o.jpg
Caseys General Store No 1555,520 S Main St,60960,Grocery Convenience Stores ,0,0,0,
Starbucks,503 E. Green Street,61820,Coffee & Tea ,0,0,2,https://s3-media2.fl.yelpcdn.com/bphoto/oN4Ao3Q_6R16h1ioCEgqHA/o.jpg
Wendy's,1401 W. Green Street,61801,Fast Food Burgers ,0,0,1,https://s3-media3.fl.yelpcdn.com/bphoto/tS4w1jhhwNRM76goNqAJ1A/o.jpg
County Market,422 S Market St,61856,Grocery ,0,0,2,
Casey's General Store,100 US Rte 150,61858,Convenience Stores ,0,0,0,
McDonald's,601 N Cunningham,61801,Fast Food Burgers Coffee & Tea ,0,0,1,https://s3-media2.fl.yelpcdn.com/bphoto/hlkBOJfK10SuMEhl-RPmqA/o.jpg
ILLINI PANTRY,606 S Sixth St,61820,"Beer, Wine & Spirits ",0,0,2,https://s3-media1.fl.yelpcdn.com/bphoto/knYlrDnf-asgpXYnYbpM4w/o.jpg
Aldi,801 Interstate Dr,61822,Grocery ,0,0,1,https://s3-media3.fl.yelpcdn.com/bphoto/ZFvQrdbPo8LcD6BgX9z5Bw/o.jpg
Espresso Royale,1402 W Gregory Dr,61801,Coffee & Tea Bagels ,0,0,2,https://s3-media2.fl.yelpcdn.com/bphoto/DVWP7fVq78zE6ZyR4A8bDg/o.jpg
TCBY Old Farm,1731 W. Kirby Ave.,61821,Ice Cream & Frozen Yogurt Desserts ,0,0,1,https://s3-media4.fl.yelpcdn.com/bphoto/n-XIkZMim7g6tGxw1eqynA/o.jpg
McDonald's,906 Bloomington Rd,61821,Fast Food Burgers Coffee & Tea ,0,0,1,https://s3-media1.fl.yelpcdn.com/bphoto/ORsaD0XRXU42ZIGwmO5Pkg/o.jpg
Subway Restaurants,4204 W Springfield Avenue,62702,Sandwiches ,0,0,1,
Papa John's Pizza,2104 W Springfield Ave,61821,Pizza ,0,0,1,https://s3-media4.fl.yelpcdn.com/bphoto/lE5zkKwHgxqJEqip4GISzw/o.jpg
Espresso Royale,1411 S Neil St,61821,Coffee & Tea ,0,0,1,https://s3-media2.fl.yelpcdn.com/bphoto/HcrD-ssEvBjheqOZ7KDJtg/o.jpg
Home Run Food Mart,1509 E Washington St,61802,Convenience Stores ,0,0,0,
Lake of the Woods Bar & Liquors,204 S Prairie View Rd,61853,"Beer, Wine & Spirits Sports Bars ",0,0,0,
McDonald's,4910 N Market St,61822,Burgers Fast Food Coffee & Tea ,0,0,1,https://s3-media2.fl.yelpcdn.com/bphoto/48VstBGt-XNTufgaiP6gAA/o.jpg
Espresso Royale,500 E Peabody Dr,61821,Coffee & Tea ,0,0,2,https://s3-media2.fl.yelpcdn.com/bphoto/4c_SgzpyPrvR8CpqAT_B9g/o.jpg
Casey's General Store,140 S Market St,60957,Pizza Convenience Stores ,0,0,0,https://s3-media2.fl.yelpcdn.com/bphoto/oshyPkMPCNjaLV9FxYOqyQ/o.jpg
Save-A-Lot,220 N Broadway Ave,61801,Grocery ,0,0,2,https://s3-media2.fl.yelpcdn.com/bphoto/9Mx7UeN64sY6T6qdHxixBg/o.jpg
Dairy Queen,244 W 1st St,60936,Restaurants ,0,0,1,https://s3-media3.fl.yelpcdn.com/bphoto/kmDN6auSzJ6O8NpRctd-bQ/o.jpg
Dairy Queen Grill & Chill,101 W Main St,61856,Ice Cream & Frozen Yogurt ,0,0,1,https://s3-media1.fl.yelpcdn.com/bphoto/sMmT_JUCT0HJkAQm4G-nuA/o.jpg
Walgreens,1757 W Kirby Ave,61821,Drugstores Cosmetics & Beauty Supply Convenience Stores ,0,0,3,https://s3-media2.fl.yelpcdn.com/bphoto/JV8M8iLReERARi7MsJy07Q/o.jpg
Casey's General Store,515 S Sangamon Ave,60936,Convenience Stores ,0,0,1,https://s3-media2.fl.yelpcdn.com/bphoto/KIp2FLAlNk7zgkGI7o7EFw/o.jpg
Taco Bell,1104 E Southline Rd,61953,Tex-Mex Fast Food Mexican ,0,0,1,https://s3-media1.fl.yelpcdn.com/bphoto/KCpOH3NuRXGxyUw8_iurRA/o.jpg
Dunkin',404 W University Ave,61801,Donuts Coffee & Tea ,0,0,1,https://s3-media3.fl.yelpcdn.com/bphoto/uQWZnsdLwa2rxR7QLQ6uIg/o.jpg
Baskin Robbins,515 S Neil St,61820,Ice Cream & Frozen Yogurt ,0,0,3,https://s3-media2.fl.yelpcdn.com/bphoto/qx6dneQSxD3k-1JfpiaxfQ/o.jpg
Casey's General Store 1669,2301 County Road 3000 N,61847,Convenience Stores ,0,0,1,
Domino's Pizza,201 N Lombard St,61853,Pizza Chicken Wings Sandwiches ,0,0,1,
Wendy's,2033 N Prospect Ave,61822,Fast Food Burgers ,0,0,1,https://s3-media2.fl.yelpcdn.com/bphoto/24X2yqqZF9EcyBIkowsWtQ/o.jpg
Baskin-Robbins,404 W University Ave,61801,Ice Cream & Frozen Yogurt ,0,0,2,https://s3-media2.fl.yelpcdn.com/bphoto/XFDm8gjsTt2Q3BCWhwc2oA/o.jpg
Burger King,720 West Champaign Ave,61866,Burgers Fast Food ,0,0,1,https://s3-media3.fl.yelpcdn.com/bphoto/eZhi8OOuVyWI9O8QHLpVJQ/o.jpg
Casey's Carry Out Pizza,585 S Market St,60957,Pizza ,0,0,0,https://s3-media1.fl.yelpcdn.com/bphoto/mu_bfz2jsXmaQOz8NsycEw/o.jpg
McDonald's,1006 Purnell Dr,61853,Burgers Fast Food Coffee & Tea ,0,0,1,https://s3-media4.fl.yelpcdn.com/bphoto/dxex4dYG4SzFk24wch7JNQ/o.jpg
Subway Restaurants,104 N Long,61880,Sandwiches ,0,0,1,https://s3-media4.fl.yelpcdn.com/bphoto/bR7M-iZ9C1QAVH_w0rGq3Q/o.jpg
Espresso Royale,515 E Gregory Dr,61820,Coffee & Tea ,0,0,2,
Casey's Carry Out Pizza,2100 E University Ave,61802,Pizza ,0,0,1,
Circle K,59 E Green St,61820,Convenience Stores Gas Stations ,0,0,0,https://s3-media1.fl.yelpcdn.com/bphoto/6L25SMVprkUbwp_gWCphrg/o.jpg
Applebee's Grill + Bar,2121 N Prospect,61822,American (Traditional) Sports Bars Burgers ,0,0,2,https://s3-media2.fl.yelpcdn.com/bphoto/ZaWOWEEaPOMgxCqGOfAhJg/o.jpg
Walgreens,302 E University Ave,61802,Drugstores Cosmetics & Beauty Supply Convenience Stores ,0,0,2,https://s3-media2.fl.yelpcdn.com/bphoto/HPx82vEjg-_yMsim3snwlA/o.jpg
Burger King,2105 West Springfield Ave,61821,Burgers Fast Food ,0,0,1,https://s3-media3.fl.yelpcdn.com/bphoto/D5pEy2S2toxLb6I6H9xCNQ/o.jpg
Subway Restaurants,45 E University,61820,Sandwiches ,0,0,1,https://s3-media1.fl.yelpcdn.com/bphoto/40YGPv57DKbePWd_daxZvg/o.jpg
Subway,333 S Century Blvd,61866,Sandwiches Fast Food ,0,0,1,https://s3-media3.fl.yelpcdn.com/bphoto/0pD1t4A_cR1pL--aQZJ9lw/o.jpg
Louie's BBQ,142 Lincoln Sq,61801,Food ,0,0,0,
County Market,1201 E Grove Ave,61866,Grocery ,0,0,0,
Arby's,509 N Cunningham Ave,61802,Fast Food Sandwiches ,0,0,1,https://s3-media1.fl.yelpcdn.com/bphoto/oZpGeppHHnshhpM_ppPcig/o.jpg
Domino's Pizza,1702 W Bradley Ave,61821,Pizza Chicken Wings Sandwiches ,0,0,1,
Walgreens,1701 Curtis Rd Suite 1024,61822,Drugstores Cosmetics & Beauty Supply Convenience Stores ,0,0,0,https://s3-media2.fl.yelpcdn.com/bphoto/BLir2rCHVs1KmDviV54LGw/o.jpg
Fresh Catch,804 N Randolph St,61820,Seafood Markets ,0,0,1,
Arby's,2310 S Neil St,61820,Sandwiches Fast Food ,0,0,1,https://s3-media2.fl.yelpcdn.com/bphoto/yNeJZhOhNvsAlMqqmaQOiw/o.jpg
Walgreens,1713 W Springfield Ave,61821,Drugstores Cosmetics & Beauty Supply Convenience Stores ,0,0,2,https://s3-media1.fl.yelpcdn.com/bphoto/mQnSTa8b7mr3Nlsa4fAhVw/o.jpg
Subway,2610 N Prospect Ave,61822,Sandwiches Fast Food ,0,0,1,
Subway Restaurants,1101 N. Mattis Dr.,61821,Sandwiches ,0,0,1,https://s3-media4.fl.yelpcdn.com/bphoto/BfrWiB5OTAiwIhqGOvUHUw/o.jpg
Walgreens,108 N Market St,61856,Drugstores Cosmetics & Beauty Supply Convenience Stores ,0,0,0,https://s3-media1.fl.yelpcdn.com/bphoto/i_PFAudWCEjcPVwY50umeQ/o.jpg
Value Check,1914 Glen Park Dr,61821,Grocery ,0,0,2,https://s3-media2.fl.yelpcdn.com/bphoto/oXiw_6oT8SWR3mb9eyQRFg/o.jpg
Pizza Hut,411 E Green St,61820,Pizza Italian Chicken Wings ,0,0,1,https://s3-media2.fl.yelpcdn.com/bphoto/HpIb2Uyn88fxiS_iTvMjog/o.jpg
Little Caesar's Pizza,1211 S Mattis,61821,Pizza ,0,0,1,https://s3-media2.fl.yelpcdn.com/bphoto/3apZ88LcMMLKQi5ln3ufGg/o.jpg
Derald's Diner,60 E Green St,61820,Diners ,0,0,0,https://s3-media2.fl.yelpcdn.com/bphoto/ShClSGKqf2xMOTXZyw67rA/o.jpg
Little Caesars Pizza,703 S Neil St,61820,Pizza ,0,0,1,https://s3-media2.fl.yelpcdn.com/bphoto/p5dAAAO9TGp6pNTMhG610A/o.jpg
McDonald's,1705 S Philo Rd,61801,Fast Food Burgers Coffee & Tea ,0,0,1,https://s3-media3.fl.yelpcdn.com/bphoto/qZwFMj8NwooIt5IacSXMwQ/o.jpg
Cold Stone Creamery,505 E Green St,61820,Ice Cream & Frozen Yogurt Custom Cakes Cupcakes ,0,0,2,https://s3-media3.fl.yelpcdn.com/bphoto/aps4NdvxIUtbVpuLO__NBA/o.jpg
Subway,802 W University Ave,61801,Sandwiches Fast Food ,0,0,1,
Subway,900 Pleasantview,61953,Fast Food Sandwiches ,0,0,1,
Piccadilly Beverage Shops,1215 N Prospect Ave,61820,"Beer, Wine & Spirits ",0,0,2,
Dairy Queen Grill & Chill,701 N 3rd St,61873,Fast Food Ice Cream & Frozen Yogurt ,0,0,1,https://s3-media1.fl.yelpcdn.com/bphoto/YF5MpwkLb_kYl3zlC-M2mw/o.jpg
Starbucks,102 N Vine Street,61802,Coffee & Tea ,0,0,2,https://s3-media2.fl.yelpcdn.com/bphoto/m56tBzoxWZ5CpbehPg1crA/o.jpg
Subway Restaurants,701 S Gregory Street,61801,Sandwiches ,0,0,1,https://s3-media1.fl.yelpcdn.com/bphoto/94AGRcBENNyjwByjPP2B7w/o.jpg
Paxton Iga Foods,144 W Pells St,60957,Bakeries Grocery ,0,0,2,
Dairy Queen Grill & Chill,3602 N Mattis Ave,61822,Ice Cream & Frozen Yogurt Fast Food ,0,0,1,https://s3-media1.fl.yelpcdn.com/bphoto/MFynoAOdYFQXkakmI6dIoA/o.jpg
McDonald's,1812 N Neil,61820,Fast Food Burgers Coffee & Tea ,0,0,1,https://s3-media4.fl.yelpcdn.com/bphoto/C-VQudE1QY7LPU_1uL-bPg/o.jpg
Schnucks - Champaign,109 N Mattis Ave,61821,Grocery ,0,0,0,https://s3-media4.fl.yelpcdn.com/bphoto/trSQSpzKrybyarBTIxx1Yw/o.jpg
Auntie Anne's,2000 N Neil St,61820,Fast Food ,0,0,1,https://s3-media2.fl.yelpcdn.com/bphoto/8XEGBC496aYIY3CNRZcQ3A/o.jpg
Piccadilly Beverage Shops,306 W Main St,61801,"Beer, Wine & Spirits ",0,0,2,
Domino's Pizza,1108 N Cunningham Ave,61802,Pizza Chicken Wings Sandwiches ,0,0,1,https://s3-media4.fl.yelpcdn.com/bphoto/EokF2vedyW_PhB_ahn4PyQ/o.jpg
Subway Restaurants,122 N Charter St,61856,Sandwiches ,0,0,1,
Starbucks,2702 North Prospect,61822,Coffee & Tea ,0,0,2,https://s3-media1.fl.yelpcdn.com/bphoto/hxb1gOpYhN3gV3ZteU8X_A/o.jpg
Paxton Variety Liquors,403 S Railroad Ave,60957,"Beer, Wine & Spirits ",0,0,1,https://s3-media2.fl.yelpcdn.com/bphoto/g5WABd2MrXLt2P6eLyqHGA/o.jpg
Sushi San,1401 W Green St,61801,Restaurants ,0,0,1,
Subway,2409 Village Green Pl,61822,Sandwiches Fast Food ,0,0,1,
Swinford's Quik-Pic,202 S Garrard St,61866,Grocery ,0,0,0,
Casey's Carry Out Pizza,102 S Prairie View Rd,61853,Pizza ,0,0,1,
Burger King,2110 North Prospect Ave,61822,Burgers Fast Food ,0,0,1,https://s3-media1.fl.yelpcdn.com/bphoto/MonsUghI7t3FaR3CcvzP3g/o.jpg
Auntie Anne's Pretzels,1401 W Green St,61801,Pretzels ,0,0,0,
Walgreens,841 Bloomington Rd,61820,Drugstores Cosmetics & Beauty Supply Convenience Stores ,0,0,1,https://s3-media3.fl.yelpcdn.com/bphoto/TwlNvu67tTZH-pa1nRqE2Q/o.jpg
Dunkin',1302 N. Prospect Ave,61820,Coffee & Tea Donuts ,0,0,1,https://s3-media3.fl.yelpcdn.com/bphoto/2_oJGCTagFyyKyYCoWxtYQ/o.jpg
Dunkin Donuts  Baskin Robbins,404 W Universty Ave,61801,Donuts Ice Cream & Frozen Yogurt ,0,0,1,https://s3-media4.fl.yelpcdn.com/bphoto/bK92J8qzm4z0p5zHrG9z0A/o.jpg
Walgreens,1801 Philo Rd,61802,Drugstores Cosmetics & Beauty Supply Convenience Stores ,0,0,2,https://s3-media2.fl.yelpcdn.com/bphoto/_lqyWm6WF_Zh38WLlefqxA/o.jpg
Walgreens,220 S Century Blvd,61866,Drugstores Cosmetics & Beauty Supply Convenience Stores ,0,0,2,https://s3-media2.fl.yelpcdn.com/bphoto/jLUb_d_obfcIppdW5NcbUw/o.jpg
McDonald's,1005 E Southline Rd,61953,Burgers Fast Food Coffee & Tea ,0,0,1,https://s3-media1.fl.yelpcdn.com/bphoto/F5Pgqf1dR5ZNgxSJHVu1bw/o.jpg
Papa John's Pizza,1307 E Florida Ave,61801,Pizza ,0,0,1,
Domino's Pizza,520 S Tanner St,61866,Pizza Chicken Wings Sandwiches ,0,0,1,
Walgreens,407 E Green St,61820,Drugstores Cosmetics & Beauty Supply Convenience Stores ,0,0,2,https://s3-media1.fl.yelpcdn.com/bphoto/vNoylrgBteCWJLW-5Um2kg/o.jpg
Dunkin',607 E. Green St,61820,Coffee & Tea Donuts ,0,0,1,https://s3-media3.fl.yelpcdn.com/bphoto/Ma5X6ifEnXZCgEMrTEVv_g/o.jpg
Walgreens,2402 Village Green Pl,61822,Drugstores Cosmetics & Beauty Supply Convenience Stores ,0,0,2,https://s3-media2.fl.yelpcdn.com/bphoto/UL1p9qCKQqpi8MmkWhuZgA/o.jpg
Walmart Supercenter,2610 N Prospect Ave,61822,Department Stores Grocery Electronics ,0,0,1,https://s3-media1.fl.yelpcdn.com/bphoto/5t7YbdluSzNIRHn9J_U48A/o.jpg
Starbucks,1401 W Green St,61801,Coffee & Tea ,0,0,2,https://s3-media1.fl.yelpcdn.com/bphoto/CBYuebXH-qmHpOGEcHDBXg/o.jpg
Circle K,1501 N Lincoln Ave,61801,Convenience Stores Gas Stations ,0,0,1,
McDonald's,306 S Market St,61856,Fast Food Burgers Coffee & Tea ,0,0,1,https://s3-media4.fl.yelpcdn.com/bphoto/WB88jQdOdZZXwBDjBQEgQA/o.jpg
Starbucks,809 S Wright St,61820,Coffee & Tea ,0,0,2,https://s3-media1.fl.yelpcdn.com/bphoto/oQsf-TuxqwsvMwTGCOLSXQ/o.jpg
Subway Restaurants,706 W Marketview Dr,61820,Sandwiches ,0,0,1,
Quik Shop,1511 E Washington St,61802,Convenience Stores ,0,0,1,https://s3-media4.fl.yelpcdn.com/bphoto/Y-fL1Z5siNp9dr5Mpphrdw/o.jpg
Casey's General Store,600 S Main St,61953,Convenience Stores Pizza ,0,0,0,
Circle K,301 S Murray Rd,61866,Gas Stations Convenience Stores ,0,0,1,https://s3-media2.fl.yelpcdn.com/bphoto/EwU10ujjdRmDgynUOjVreQ/o.jpg
Dunkin',402 S Century Blvd,61866,Donuts Coffee & Tea ,0,0,1,https://s3-media3.fl.yelpcdn.com/bphoto/xML6iG7WK8Cy1Y6TkZe65Q/o.jpg
Subway Restaurants,100 S High Cross Road,61802,Sandwiches ,0,0,1,
Q Smokehouse,617 E Green St,61820,Smokehouse ,0,0,0,
Pizza Hut,409 N Mattis Ave,61821,Pizza Italian Chicken Wings ,0,0,1,https://s3-media3.fl.yelpcdn.com/bphoto/gtoqMN7BI6jHyKox4nChWw/o.jpg
Walgreens,104 N Lombard St,61853,Cosmetics & Beauty Supply Drugstores Convenience Stores ,0,0,0,https://s3-media4.fl.yelpcdn.com/bphoto/DM8A940jfY8Zc3fN_xsrjg/o.jpg
Subway Restaurants,1401 South Neil Street,61820,Sandwiches ,0,0,1,
Subway,2740 Philo Rd,61802,Sandwiches Fast Food ,0,0,1,https://s3-media3.fl.yelpcdn.com/bphoto/8ypOXnKeI5YCn-5wMN_gSA/o.jpg
Sbarro,2000 N Neil St,61820,Pizza ,0,0,1,
Taco Bell,10 East Anthony Drive,61820,Mexican Tex-Mex Fast Food ,0,0,1,https://s3-media2.fl.yelpcdn.com/bphoto/SsSgHDc6tf-9og6uKZtLJQ/o.jpg
Circle K,602 E Oak St,61842,Gas Stations Convenience Stores ,0,0,0,
Burger King,1004 East South Line Rd,61953,Burgers Fast Food ,0,0,1,https://s3-media4.fl.yelpcdn.com/bphoto/4-EjgfuBmy74gqnOKMPsEg/o.jpg
Papa John's Pizza,225 E Congress Ave,61866,Pizza ,0,0,1,
Circle K,609 East University Ave,61820,Convenience Stores Gas Stations ,0,0,0,https://s3-media4.fl.yelpcdn.com/bphoto/otHow8epT8XJ9wArmVa4iA/o.jpg
Circle K,220 S Murray St,61866,Gas Stations Convenience Stores ,0,0,3,https://s3-media1.fl.yelpcdn.com/bphoto/4tNV5iTo1uXAvSnN-b5m1A/o.jpg
Road Ranger,1112 E Southline Rd,61953,Gas Stations Convenience Stores ,0,0,1,https://s3-media1.fl.yelpcdn.com/bphoto/ynU0XzB-Zz6zxIt9MOjkdg/o.jpg
Starbucks,701 S. Gregory,61801,Coffee & Tea ,0,0,0,https://s3-media1.fl.yelpcdn.com/bphoto/L-F7il6xCwu_O_rlrxV_FQ/o.jpg
Sbarro,1401 W Green St,61801,Pizza ,0,0,1,
Wetzel's Pretzels,2000 N Neil St,61820,Pretzels ,0,0,0,https://s3-media1.fl.yelpcdn.com/bphoto/546tR3F_ZWKaWtSW0N1Ctg/o.jpg
Village Pantry,435 South Railroad Illinois Route 45,60957,Food ,0,0,1,
